time,latitude,longitude,depth,mag,magType,nst,gap,dmin,rms,net,id,updated,place,type,horizontalError,depthError,magError,magNst,status,locationSource,magSource
2020-04-29T23:55:18.361Z,62.955,-151.0266,107.9,2.1,ml,,,,0.97,ak,ak0205iuifz0,2020-04-29T23:59:35.752Z,"84km NNW of Talkeetna, Alaska",earthquake,,1,,,automatic,ak,ak
2020-04-29T23:46:24.830Z,38.833,-122.7931667,2.6,-0.52,md,9,88,0.005834,0.05,nc,nc73378345,2020-05-02T07:25:50.742Z,"6km WNW of Cobb, CA",earthquake,0.35,0.38,,1,reviewed,nc,nc
2020-04-29T23:40:03.275Z,60.4744,-151.7448,64.4,1.1,ml,,,,0.32,ak,ak0205iuf72f,2020-04-29T23:42:52.184Z,"25km WNW of Kalifornsky, Alaska",earthquake,,0.9,,,automatic,ak,ak
2020-04-29T23:37:47.059Z,62.0791,-149.4101,5.3,1.3,ml,,,,0.95,ak,ak0205iuenap,2020-04-29T23:41:10.543Z,"24km ESE of Y, Alaska",earthquake,,0.4,,,automatic,ak,ak
2020-04-29T23:36:51.230Z,17.897,-66.8526,12,2.58,md,17,228,0.0825,0.32,pr,pr2020120027,2020-04-29T23:50:52.118Z,"9km SSE of Maria Antonia, Puerto Rico",earthquake,1.1,0.76,0.18,12,reviewed,pr,pr
2020-04-29T23:34:03.010Z,35.681,-117.5065,6.76,0.87,ml,20,141,0.101,0.12,ci,ci38473898,2020-05-01T01:10:03.424Z,"13km SW of Searles Valley, CA",earthquake,0.25,0.59,0.085,12,reviewed,ci,ci
2020-04-29T23:31:37.930Z,54.1463333,-165.9293333,4.04,-0.97,ml,6,151,0.02273,0.3,av,av70890679,2020-04-30T21:51:01.700Z,"10km W of Akutan, Alaska",earthquake,0.54,1.01,0.247,5,reviewed,av,av
2020-04-29T23:28:43.620Z,33.4965,-116.51,7.65,0.65,ml,23,57,0.06332,0.18,ci,ci38473882,2020-04-30T13:25:28.952Z,"16km ESE of Anza, CA",earthquake,0.29,0.66,0.13,13,reviewed,ci,ci
2020-04-29T23:19:44.624Z,62.1331,-153.1255,35,1.3,ml,,,,1.33,ak,ak0205iuas3c,2020-04-29T23:29:57.800Z,"156km SE of McGrath, Alaska",earthquake,,2.2,,,automatic,ak,ak
2020-04-29T23:19:43.940Z,35.8596667,-117.6846667,7.41,1.63,ml,26,59,0.08276,0.09,ci,ci38473842,2020-05-01T01:05:27.510Z,"22km ESE of Little Lake, CA",earthquake,0.14,0.38,0.151,24,reviewed,ci,ci
2020-04-29T23:11:26.189Z,64.8803,-148.9702,16.2,0.9,ml,,,,0.54,ak,ak0205iu9116,2020-04-29T23:22:24.014Z,"34km NNE of North Nenana, Alaska",earthquake,,0.3,,,automatic,ak,ak
2020-04-29T23:07:56.270Z,17.9988,-66.7785,13,1.9,md,19,156,0.1034,0.12,pr,pr2020120026,2020-04-29T23:43:16.230Z,"2km SSE of Guayanilla, Puerto Rico",earthquake,0.48,0.27,0.14,4,reviewed,pr,pr
2020-04-29T23:07:31.990Z,35.8603333,-117.6861667,6.86,0.92,ml,23,73,0.08222,0.09,ci,ci38473818,2020-05-01T01:01:05.367Z,"22km ESE of Little Lake, CA",earthquake,0.13,0.3,0.113,13,reviewed,ci,ci
2020-04-29T23:07:22.726Z,61.5989,-146.4026,30.3,1.5,ml,,,,0.82,ak,ak0205iu85xo,2020-04-29T23:18:02.266Z,"52km N of Valdez, Alaska",earthquake,,0.1,,,automatic,ak,ak
2020-04-29T23:00:28.951Z,64.9165,-147.2923,0,1.6,ml,,,,0.89,ak,ak0205iu6oak,2020-04-29T23:10:17.814Z,"17km NE of Badger, Alaska",earthquake,,0.4,,,automatic,ak,ak
2020-04-29T22:46:57.225Z,61.6821,-149.7803,58.7,1,ml,,,,0.42,ak,ak0205itv5x6,2020-04-29T22:52:43.163Z,"6km NNE of Houston, Alaska",earthquake,,1.4,,,automatic,ak,ak
2020-04-29T22:44:54.370Z,19.2119999,-155.3869934,30.69,2.12,md,39,156,0.02724,0.12,hv,hv71493347,2020-04-29T22:48:10.190Z,"9km E of Pahala, Hawaii",earthquake,0.54,1.14,0.17,20,automatic,hv,hv
2020-04-29T22:39:31.390Z,40.6085,-122.1843333,16.55,1.84,md,20,41,0.1551,0.16,nc,nc73378335,2020-05-01T01:13:04.913Z,"5km SE of Bella Vista, CA",earthquake,0.36,0.92,0.137,19,reviewed,nc,nc
2020-04-29T22:38:58.182Z,58.492,-136.998,2.4,2.4,ml,,,,0.5,ak,ak0205ittkj3,2020-04-29T23:42:51.232Z,"86km W of Gustavus, Alaska",earthquake,,0.4,,,reviewed,ak,ak
2020-04-29T22:38:40.480Z,45.5763333,-113.8331667,4.24,1.33,ml,11,118,0.886,0.14,mb,mb80414734,2020-04-30T14:26:30.070Z,"30km W of Wisdom, Montana",earthquake,0.64,1.95,0.014,2,reviewed,mb,mb
2020-04-29T22:32:20.763Z,63.2186,-149.088,71.1,1.5,ml,,,,0.74,ak,ak0205its31r,2020-04-29T22:37:38.733Z,"20km SSW of Cantwell, Alaska",earthquake,,0.5,,,automatic,ak,ak
2020-04-29T22:31:07.240Z,38.8224983,-122.8116684,2.79,0.55,md,9,73,0.001534,0.02,nc,nc73378330,2020-04-29T22:45:05.054Z,"7km NW of The Geysers, CA",earthquake,0.4,0.92,,1,automatic,nc,nc
2020-04-29T22:30:37.090Z,33.4931667,-116.7885,5.76,0.43,ml,15,100,0.08378,0.07,ci,ci38473794,2020-05-01T00:56:13.338Z,"9km NE of Aguanga, CA",earthquake,0.18,0.73,0.056,8,reviewed,ci,ci
2020-04-29T22:20:48.830Z,19.1786667,-155.4643333,8.01,1.4,md,38,103,0.02323,0.19,hv,hv71493327,2020-05-01T00:18:40.350Z,"3km SSE of Pahala, Hawaii",earthquake,0.47,1.17,0.143,19,reviewed,hv,hv
2020-04-29T22:17:17.280Z,33.6388333,-116.7086667,14.2,0.53,ml,18,54,0.04178,0.07,ci,ci38473786,2020-05-01T00:45:30.733Z,"10km NNW of Anza, CA",earthquake,0.19,0.31,0.113,8,reviewed,ci,ci
2020-04-29T22:17:14.800Z,33.6378333,-116.7005,13.32,0.75,ml,11,121,0.03816,0.08,ci,ci37268604,2020-05-01T00:52:06.100Z,"10km NNW of Anza, CA",earthquake,0.47,1.11,0.213,2,reviewed,ci,ci
2020-04-29T22:06:26.470Z,19.2163334,-155.402832,33.33,1.92,md,28,155,0.08254,0.14,hv,hv71493317,2020-04-29T22:09:39.020Z,"8km E of Pahala, Hawaii",earthquake,0.71,0.82,0.32,10,automatic,hv,hv
2020-04-29T22:06:04.090Z,35.6656667,-117.4815,4.96,0.78,ml,13,106,0.08054,0.11,ci,ci38473770,2020-04-30T23:57:58.977Z,"13km SSW of Searles Valley, CA",earthquake,0.34,0.6,0.065,4,reviewed,ci,ci
2020-04-29T22:03:58.110Z,36.008,-120.5708333,8.91,0.75,md,11,150,0.02778,0.05,nc,nc73378320,2020-05-02T08:51:04.226Z,"18km NW of Parkfield, CA",earthquake,0.5,0.54,0.673,2,reviewed,nc,nc
2020-04-29T21:52:05.950Z,36.888,-121.0013333,3.33,1.49,md,25,171,0.1475,0.09,nc,nc73378315,2020-04-30T21:32:03.833Z,"23km SW of Los Banos, CA",earthquake,0.33,2.67,0.195,22,reviewed,nc,nc
2020-04-29T21:50:44.321Z,-21.6443,170.2919,56.58,4.6,mb,,148,2.111,0.62,us,us60009eyu,2020-04-29T22:16:48.040Z,"199km WNW of Ile Hunter, New Caledonia",earthquake,9.4,7.1,0.1,30,reviewed,us,us
2020-04-29T21:42:36.140Z,40.381,-125.3015,4.83,2.24,md,17,327,0.7388,0.25,nc,nc73378305,2020-05-01T00:46:03.771Z,"86km W of Petrolia, CA",earthquake,16.25,13.96,0.17,13,reviewed,nc,nc
2020-04-29T21:36:31.800Z,38.7869987,-122.7616653,1.15,0.56,md,7,152,0.01369,0.01,nc,nc73378300,2020-04-29T21:53:02.585Z,"1km NNW of The Geysers, CA",earthquake,0.38,0.8,,1,automatic,nc,nc
2020-04-29T21:35:59.920Z,33.4845,-116.8,5.96,1.02,ml,41,32,0.0278,0.17,ci,ci38473722,2020-04-30T13:27:05.630Z,"8km NE of Aguanga, CA",earthquake,0.19,0.62,0.136,27,reviewed,ci,ci
2020-04-29T21:33:50.999Z,61.8014,-151.7317,92.8,1.2,ml,,,,0.22,ak,ak0205it6xj0,2020-04-29T21:37:06.836Z,"89km W of Willow, Alaska",earthquake,,0.7,,,automatic,ak,ak
2020-04-29T21:32:48.688Z,64.7845,-149.1711,26.2,0.5,ml,,,,0.57,ak,ak0205it6pn5,2020-04-29T21:35:26.124Z,"23km N of North Nenana, Alaska",earthquake,,0.4,,,automatic,ak,ak
2020-04-29T21:28:17.160Z,19.2021675,-155.4163361,35.23,1.94,md,21,157,0.0394,0.12,hv,hv71493272,2020-04-29T21:31:25.690Z,"6km E of Pahala, Hawaii",earthquake,0.89,1.39,0.09,4,automatic,hv,hv
2020-04-29T21:18:04.340Z,33.5058333,-116.5083333,10.15,1.51,ml,50,57,0.0549,0.17,ci,ci38473690,2020-04-30T13:27:08.450Z,"16km ESE of Anza, CA",earthquake,0.2,0.33,0.163,27,reviewed,ci,ci
2020-04-29T21:17:35.897Z,44.2874,-115.0122,10,2.5,ml,,65,0.352,1.08,us,us60009eya,2020-04-29T21:56:08.040Z,"66km WSW of Challis, Idaho",earthquake,1.7,2,0.052,48,reviewed,us,us
2020-04-29T21:16:35.227Z,35.4626,-115.4881,3.2,1.4,ml,16,128.95,0.356,0.486,nn,nn00723992,2020-04-29T21:42:42.651Z,"41km SSE of Sandy Valley, Nevada",explosion,,2,0.28,10,reviewed,nn,nn
2020-04-29T21:13:29.520Z,49.3551666666667,-120.523166666667,-0.37,2.12,ml,9,178,0.5874,0.53,uw,uw61606102,2020-04-29T22:47:40.060Z,"11km S of Princeton, Canada",explosion,3.56,31.61,0.220926169188293,6,reviewed,uw,uw
2020-04-29T21:10:15.060Z,38.8156662,-122.8318329,2.57,0.56,md,8,133,0.007098,0.01,nc,nc73378290,2020-04-29T21:26:03.406Z,"8km WNW of The Geysers, CA",earthquake,0.87,1.74,,1,automatic,nc,nc
2020-04-29T21:09:38.780Z,19.2199993,-155.4216614,31.23,2.13,ml,36,140,0.02871,0.11,hv,hv71493262,2020-04-29T21:15:12.280Z,"6km ENE of Pahala, Hawaii",earthquake,0.6,0.9,0.14,3,automatic,hv,hv
2020-04-29T21:08:03.843Z,58.289,-155.0271,1.3,0.5,ml,,,,1.13,ak,ak0205it1gzr,2020-04-30T21:40:57.000Z,"102km NW of Larsen Bay, Alaska",earthquake,,1.2,,,automatic,ak,ak
2020-04-29T21:04:21.640Z,19.2133331,-155.4211731,32.23,2.13,ml,36,145,0.03284,0.12,hv,hv71493257,2020-04-29T21:09:56.430Z,"6km E of Pahala, Hawaii",earthquake,0.64,0.95,0.12,3,automatic,hv,hv
2020-04-29T20:55:40.980Z,33.6636667,-116.6575,14.59,0.13,ml,13,134,0.01456,0.11,ci,ci37443877,2020-04-30T14:29:04.787Z,"10km SE of Idyllwild, CA",earthquake,0.38,0.42,0.119,6,reviewed,ci,ci
2020-04-29T20:55:23.910Z,33.6558333,-116.6575,14.11,0.57,ml,17,128,0.01883,0.07,ci,ci38473658,2020-04-30T14:23:46.579Z,"11km SSE of Idyllwild, CA",earthquake,0.22,0.3,0.026,4,reviewed,ci,ci
2020-04-29T20:54:58.640Z,33.6685,-116.6443333,14.5,-0.05,ml,8,146,0.02458,0.11,ci,ci37443885,2020-04-30T14:34:07.944Z,"10km SE of Idyllwild, CA",earthquake,0.59,0.77,0.134,3,reviewed,ci,ci
2020-04-29T20:48:05.750Z,34.0015,-117.1906667,14.17,1.09,ml,38,79,0.05599,0.15,ci,ci38473642,2020-04-30T23:54:38.955Z,"6km S of Redlands, CA",earthquake,0.21,0.46,0.238,24,reviewed,ci,ci
2020-04-29T20:48:04.380Z,17.9363,-66.854,15,2.26,md,6,219,0.1931,0.26,pr,pr2020120025,2020-04-29T20:58:39.536Z,"5km SE of Maria Antonia, Puerto Rico",earthquake,1.3,4.13,0.17,5,reviewed,pr,pr
2020-04-29T20:47:16.619Z,63.2171,-143.5624,0,1.7,ml,,,,0.92,ak,ak0205isofaw,2020-04-29T20:59:58.660Z,"31km WSW of Tok, Alaska",earthquake,,0.3,,,automatic,ak,ak
2020-04-29T20:39:10.770Z,42.2218333333333,-122.627,-0.85,1.5,ml,7,153,0.06415,0.31,uw,uw61606092,2020-04-30T19:53:28.483Z,"7km ENE of Ashland, Oregon",explosion,0.92,31.61,0.0716517608418732,3,reviewed,uw,uw
2020-04-29T20:32:21.763Z,60.8331,-150.9795,6.4,0.7,ml,,,,0.78,ak,ak0205isl6v5,2020-04-29T23:28:16.691Z,"23km NE of Nikiski, Alaska",earthquake,,1.3,,,reviewed,ak,ak
2020-04-29T20:29:34.770Z,35.8128333,-117.6486667,1.61,2.12,ml,22,48,0.04168,0.11,ci,ci38473618,2020-04-30T23:43:21.874Z,"22km N of Ridgecrest, CA",earthquake,0.19,0.29,0.113,26,reviewed,ci,ci
2020-04-29T20:28:48.050Z,41.9068333,-112.4148333,7.71,2.13,ml,19,98,0.2377,0.12,uu,uu60382767,2020-04-30T04:31:17.262Z,"27km NW of Garland, Utah",earthquake,0.28,0.55,0.194,7,reviewed,uu,uu
2020-04-29T20:28:07.960Z,38.044,-118.7603333,8.93,1.64,md,20,107,0.2888,0.08,nc,nc73378275,2020-04-30T22:23:03.169Z,"29km SE of Bodie, CA",earthquake,0.48,3.12,0.25,22,reviewed,nc,nc
2020-04-29T20:18:28.710Z,34.0185,-116.747,18.05,0.94,ml,19,111,0.05314,0.09,ci,ci38473594,2020-04-30T23:34:08.701Z,"12km NNE of Cabazon, CA",earthquake,0.2,0.43,0.145,14,reviewed,ci,ci
2020-04-29T20:16:54.660Z,35.9025,-117.6836667,3.97,0.92,ml,14,78,0.05275,0.05,ci,ci38473578,2020-04-30T23:30:06.007Z,"20km E of Little Lake, CA",earthquake,0.12,0.44,0.115,9,reviewed,ci,ci
2020-04-29T20:15:14.400Z,17.9188,-66.8563,13,2.35,md,10,224,0.1946,0.16,pr,pr2020120024,2020-04-29T20:43:09.870Z,"7km SSE of Maria Antonia, Puerto Rico",earthquake,0.75,0.45,0.2,7,reviewed,pr,pr
2020-04-29T20:11:30.000Z,17.9496,-66.848,7,2.51,md,17,197,0.1972,0.28,pr,pr2020120023,2020-04-29T21:42:45.040Z,"13km SE of Guanica, Puerto Rico",earthquake,0.6,0.89,0.19,10,reviewed,pr,pr
2020-04-29T20:10:46.240Z,33.5873333,-116.8018333,6.9,0.4,ml,22,86,0.03213,0.12,ci,ci38473546,2020-04-30T23:25:33.269Z,"12km WNW of Anza, CA",earthquake,0.26,0.41,0.133,9,reviewed,ci,ci
2020-04-29T20:00:12.490Z,37.5322,-117.7459,11.5,0.7,ml,4,130.93,0.244,0.0721,nn,nn00723987,2020-04-30T02:09:35.673Z,"49km WSW of Goldfield, Nevada",earthquake,,9.8,0.06,2,reviewed,nn,nn
2020-04-29T19:58:42.240Z,38.8180008,-122.8233337,2.59,0.37,md,14,84,0.0102,0.02,nc,nc73378270,2020-04-29T20:23:03.254Z,"7km NW of The Geysers, CA",earthquake,0.27,0.8,0.23,2,automatic,nc,nc
2020-04-29T19:44:17.880Z,35.6993333,-117.534,7.88,0.98,ml,21,95,0.1269,0.15,ci,ci38473506,2020-04-30T23:23:40.130Z,"14km WSW of Searles Valley, CA",earthquake,0.26,0.99,0.11,12,reviewed,ci,ci
2020-04-29T19:43:43.000Z,58.2601667,-155.5093333,3.69,-0.26,ml,10,212,0.06264,0.18,av,av70890669,2020-04-30T21:18:47.190Z,"82km SE of King Salmon, Alaska",earthquake,0.86,1.3,0.201,10,reviewed,av,av
2020-04-29T19:28:26.370Z,38.8328323,-122.8190002,1.45,0.61,md,21,51,0.01172,0.03,nc,nc73378265,2020-04-29T21:32:02.444Z,"8km NW of The Geysers, CA",earthquake,0.19,0.41,0.4,4,automatic,nc,nc
2020-04-29T19:24:21.436Z,38.0419,-118.7939,7,0.8,ml,4,193.32,0.309,0.1226,nn,nn00724010,2020-04-30T02:09:45.013Z,"45km ESE of Bridgeport, California",earthquake,,10.8,0.12,2,reviewed,nn,nn
2020-04-29T19:20:35.730Z,35.6423333,-117.4916667,2.05,1.55,ml,34,64,0.06066,0.16,ci,ci38473474,2020-04-30T23:20:03.708Z,"16km SSW of Searles Valley, CA",earthquake,0.2,0.39,0.142,22,reviewed,ci,ci
2020-04-29T19:18:48.682Z,61.7533,-149.2454,19.8,1.3,ml,,,,1,ak,ak0205irwued,2020-04-29T19:22:48.815Z,"1km NNW of Fishhook, Alaska",earthquake,,0.1,,,automatic,ak,ak
2020-04-29T19:13:00.700Z,36.35966667,-96.74366667,0,0.26,ml,12,197,0.0674867568,0.2,ok,ok2020ikwx,2020-04-30T17:43:39.232Z,"5km ENE of Pawnee, Oklahoma",quarry blast,,0.6,0.17,4,reviewed,ok,ok
2020-04-29T19:12:06.191Z,62.0356,-149.8477,49.1,1.3,ml,,,,0.75,ak,ak0205irvgth,2020-04-29T19:15:26.573Z,"14km S of Y, Alaska",earthquake,,1,,,automatic,ak,ak
2020-04-29T19:05:56.730Z,35.6366667,-117.461,9.16,1.47,ml,19,115,0.1364,0.14,ci,ci38473466,2020-04-30T13:28:11.540Z,"15km SSW of Searles Valley, CA",earthquake,0.35,1.13,0.177,22,reviewed,ci,ci
2020-04-29T19:00:24.720Z,46.014,-112.4576667,-2,1.4,md,8,115,0.069,0.08,mb,mb80414634,2020-04-30T14:40:51.520Z,"6km E of Butte, Montana",quarry blast,0.42,31.61,0.207,5,reviewed,mb,mb
2020-04-29T18:53:58.700Z,39.4108333,-110.3046667,-1.42,1.82,md,8,199,0.02064,0.1,uu,uu60382752,2020-04-29T22:41:56.410Z,"17km SSE of East Carbon City, Utah",earthquake,1.46,0.93,0.216,7,reviewed,uu,uu
2020-04-29T18:50:59.150Z,40.7551667,-112.0823333,7.97,0.3,md,7,139,0.003549,0.11,uu,uu60382747,2020-04-30T15:53:27.560Z,"5km NNE of Magna, Utah",earthquake,0.86,1.16,0.079,3,reviewed,uu,uu
2020-04-29T18:49:45.050Z,38.8238335,-122.7603302,2.03,0.56,md,8,211,0.009998,0.01,nc,nc73378255,2020-04-29T19:25:02.759Z,"3km W of Cobb, CA",earthquake,0.68,1.12,,1,automatic,nc,nc
2020-04-29T18:43:12.138Z,47.2287,-70.3181,14.14,2.5,ml,,127,0.32,0.41,us,us700097d9,2020-04-30T21:04:52.040Z,"23km SW of La Pocatiere, Canada",earthquake,2.1,8,0.128,8,reviewed,us,us
2020-04-29T18:40:27.850Z,35.6823333,-117.4986667,6.39,1.11,ml,17,105,0.1555,0.21,ci,ci38473450,2020-04-29T18:48:42.000Z,"13km SW of Searles Valley, CA",earthquake,0.4,1.61,0.178,15,reviewed,ci,ci
2020-04-29T18:36:36.283Z,61.3014,-146.3878,4.7,1.9,ml,,,,0.76,ak,ak0205irf8qu,2020-04-29T18:46:51.924Z,"19km N of Valdez, Alaska",earthquake,,0.2,,,automatic,ak,ak
2020-04-29T18:33:47.393Z,59.9427,-151.7467,96.9,1.1,ml,,,,1.35,ak,ak0205irel0b,2020-04-29T18:38:59.343Z,"19km NNE of Anchor Point, Alaska",earthquake,,0.9,,,automatic,ak,ak
2020-04-29T18:26:21.239Z,35.99,-96.56266667,0,1.18,ml,10,184,0.07828463788,0.24,ok,ok2020ikvj,2020-04-30T19:29:20.760Z,"3km E of Drumright, Oklahoma",quarry blast,,0.8,0.27,5,reviewed,ok,ok
2020-04-29T18:26:08.048Z,-22.363,-68.9069,124.83,4.4,mb,,68,0.643,0.99,us,us60009eus,2020-04-29T22:23:29.040Z,"11km NNE of Calama, Chile",earthquake,3.3,7.1,0.219,6,reviewed,us,us
2020-04-29T18:21:59.700Z,43.4865,-123.419833333333,-0.34,1.59,ml,8,184,0.1825,0.12,uw,uw61606047,2020-04-29T22:18:43.020Z,"13km NW of Sutherlin, Oregon",explosion,1,31.61,0.0358427263485243,3,reviewed,uw,uw
2020-04-29T18:20:16.920Z,52.0565,-176.0475,2.72,1.02,ml,7,145,0.01589,0.14,av,av70890664,2020-04-30T21:12:47.970Z,"46km ENE of Adak, Alaska",earthquake,0.38,0.73,0.294,7,reviewed,av,av
2020-04-29T18:13:22.220Z,35.9048333,-117.6915,2.91,0.64,ml,18,72,0.05441,0.13,ci,ci38473418,2020-05-01T20:08:35.350Z,"20km E of Little Lake, CA",earthquake,0.18,0.32,0.142,6,reviewed,ci,ci
2020-04-29T18:06:45.870Z,35.0596667,-118.333,-0.59,0.91,ml,23,59,0.06926,0.14,ci,ci38473410,2020-05-01T20:20:46.890Z,"13km SE of Tehachapi, CA",earthquake,0.19,0.36,0.059,5,reviewed,ci,ci
2020-04-29T18:01:45.160Z,46.6468333333333,-121.886166666667,4.05,0.28,md,9,319,0.1164,0.09,uw,uw61606027,2020-04-29T21:57:37.020Z,"17km WNW of Packwood, Washington",earthquake,0.63,2.01,0.107609330814544,6,reviewed,uw,uw
2020-04-29T18:01:33.431Z,38.0337,-118.7555,8.1,1.2,ml,9,87.98,0.294,0.1376,nn,nn00724006,2020-04-30T02:09:43.530Z,"46km NNE of Mammoth Lakes, California",earthquake,,2.5,0.07,4,reviewed,nn,nn
2020-04-29T18:01:07.900Z,44.7993333,-111.5503333,14.05,0.74,ml,10,199,0.091,0.17,mb,mb80414614,2020-04-30T14:50:01.530Z,"38km WNW of West Yellowstone, Montana",earthquake,1.75,1.91,0.117,4,reviewed,mb,mb
2020-04-29T17:59:37.130Z,46.3195,-111.6095,-2,1.46,ml,6,169,0.326,0.13,mb,mb80415859,2020-05-01T22:27:49.400Z,"6km W of Townsend, Montana",quarry blast,0.87,31.61,0.209,4,reviewed,mb,mb
2020-04-29T17:58:00.100Z,35.7211667,-117.489,6.4,0.52,ml,18,85,0.1292,0.11,ci,ci38473306,2020-05-01T14:32:42.002Z,"9km SW of Searles Valley, CA",earthquake,0.19,0.76,0.26,7,reviewed,ci,ci
2020-04-29T17:47:09.337Z,4.5746,126.9756,74.63,4.8,mb,,111,2.841,0.77,us,us60009eug,2020-04-29T18:29:09.040Z,"191km ESE of Sarangani, Philippines",earthquake,3.3,7.4,0.059,88,reviewed,us,us
2020-04-29T17:46:54.180Z,38.8246651,-122.7648315,1.89,0.99,md,11,72,0.007026,0.02,nc,nc73378240,2020-04-29T18:05:03.080Z,"4km W of Cobb, CA",earthquake,0.33,0.68,0.56,3,automatic,nc,nc
2020-04-29T17:44:07.930Z,35.8863333,-117.6818333,3.21,0.6,ml,14,83,0.06653,0.08,ci,ci38473282,2020-04-29T20:12:23.237Z,"21km ESE of Little Lake, CA",earthquake,0.16,0.74,0.065,7,reviewed,ci,ci
2020-04-29T17:37:45.630Z,38.8358345,-122.7703323,1.56,1.35,md,27,91,0.005366,0.05,nc,nc73378235,2020-04-29T20:49:03.165Z,"4km WNW of Cobb, CA",earthquake,0.2,0.31,0.14,7,automatic,nc,nc
2020-04-29T17:37:44.504Z,61.9692,-150.5214,21.8,1.5,ml,,,,0.38,ak,ak0201j7gcdmk,2020-04-29T17:43:28.138Z,"35km NW of Willow, Alaska",earthquake,,0.2,,,automatic,ak,ak
2020-04-29T17:35:52.880Z,18.8881664,-155.1994934,11.46,1.89,md,19,273,0.3639,0.19,hv,hv71493112,2020-04-29T17:39:07.020Z,"45km SE of Pahala, Hawaii",earthquake,2.3,0.91,0.07,5,automatic,hv,hv
2020-04-29T17:33:02.670Z,40.7293333,-112.072,8.09,0.54,md,11,85,0.02459,0.11,uu,uu60382737,2020-04-29T22:30:00.810Z,"3km NE of Magna, Utah",earthquake,0.48,0.76,0.214,6,reviewed,uu,uu
2020-04-29T17:32:01.410Z,33.9793333,-116.2951667,2.71,2.12,ml,75,38,0.102,0.14,ci,ci38473266,2020-04-30T22:30:16.430Z,"17km S of Joshua Tree, CA",earthquake,0.1,0.19,0.14,24,reviewed,ci,ci
2020-04-29T17:30:58.300Z,35.9056667,-117.6881667,4.1,1.39,ml,27,48,0.05212,0.09,ci,ci38473250,2020-04-30T22:03:05.570Z,"20km E of Little Lake, CA",earthquake,0.1,0.26,0.207,17,reviewed,ci,ci
2020-04-29T17:17:21.320Z,35.9611667,-117.3771667,1.88,1.37,ml,31,51,0.1035,0.12,ci,ci38473218,2020-04-29T18:44:47.610Z,"22km N of Searles Valley, CA",earthquake,0.14,0.29,0.152,17,reviewed,ci,ci
2020-04-29T17:12:22.090Z,38.8103333,-122.8221664,2.65,0.32,md,9,60,0.00567,0.02,nc,nc73378225,2020-04-29T17:28:02.766Z,"7km WNW of The Geysers, CA",earthquake,0.39,0.85,0.24,2,automatic,nc,nc
2020-04-29T17:02:34.640Z,33.5018333,-116.5026667,9.79,0.51,ml,21,58,0.06035,0.08,ci,ci38473170,2020-05-02T04:20:40.041Z,"17km ESE of Anza, CA",earthquake,0.14,0.36,0.126,12,reviewed,ci,ci
2020-04-29T17:01:35.370Z,35.4847,45.0181,12.42,4.8,mb,,83,0.396,0.87,us,us60009ety,2020-05-01T19:57:50.054Z,"17km ESE of Chamchamal, Iraq",earthquake,4.3,5.2,0.053,110,reviewed,us,us
2020-04-29T16:57:02.440Z,38.8346672,-122.8168335,1.1,0.56,md,9,104,0.01243,0.01,nc,nc73378220,2020-04-29T17:17:02.692Z,"8km W of Cobb, CA",earthquake,0.42,1.33,,1,automatic,nc,nc
2020-04-29T16:56:05.398Z,63.5433,-150.755,11.3,1.3,ml,,,,0.79,ak,ak0205iqclfp,2020-04-29T16:59:57.249Z,"91km WNW of Cantwell, Alaska",earthquake,,0.3,,,automatic,ak,ak
2020-04-29T16:55:08.180Z,38.035,-118.7783333,10.07,2.15,md,29,105,0.3035,0.04,nc,nc73378215,2020-04-30T11:25:03.600Z,"28km SE of Bodie, CA",earthquake,0.28,1.89,0.239,31,reviewed,nc,nc
2020-04-29T16:46:15.290Z,52.057,-176.0978333,10.35,-0.44,ml,4,142,0.02861,0.11,av,av70890649,2020-04-30T21:01:08.340Z,"43km ENE of Adak, Alaska",earthquake,0.94,1.01,0.235,4,reviewed,av,av
2020-04-29T16:45:42.478Z,58.3608,-149.8516,51.1,2.3,ml,,,,1.03,ak,ak0205iqacee,2020-04-29T16:56:15.602Z,"163km ENE of Kodiak, Alaska",earthquake,,1.4,,,automatic,ak,ak
2020-04-29T16:41:23.820Z,38.2138333,-112.2376667,1.82,0.98,md,7,169,0.1771,0.16,uu,uu60382732,2020-04-29T17:35:49.120Z,"3km SSW of Junction, Utah",earthquake,0.92,11.62,0.161,5,reviewed,uu,uu
2020-04-29T16:40:03.570Z,61.1187,-150.179,54.1,1.2,ml,,,,0.29,ak,ak0205iq95ut,2020-04-29T16:45:09.490Z,"18km SW of Anchorage, Alaska",earthquake,,0.7,,,automatic,ak,ak
2020-04-29T16:37:07.160Z,38.8190002,-122.8199997,2.67,0.56,md,8,123,0.008909,0.01,nc,nc73378210,2020-04-29T16:51:04.962Z,"7km NW of The Geysers, CA",earthquake,0.48,1.26,,1,automatic,nc,nc
2020-04-29T16:35:53.620Z,41.9061667,-112.4195,6.37,2.87,ml,37,99,0.2366,0.17,uu,uu60382727,2020-05-04T00:57:35.984Z,"28km NW of Garland, Utah",earthquake,0.34,0.46,0.141,14,reviewed,uu,uu
2020-04-29T16:34:08.950Z,19.1933327,-155.4948273,29.62,1.74,md,33,67,0.04877,0.14,hv,hv71493077,2020-04-29T16:37:18.030Z,"2km SW of Pahala, Hawaii",earthquake,0.57,1.1,0.12,4,automatic,hv,hv
2020-04-29T16:30:53.534Z,38.2179,-118.3276,10.2,0.3,ml,4,251.41,0.143,0.0449,nn,nn00724005,2020-04-30T02:09:41.223Z,"42km SE of Hawthorne, Nevada",earthquake,,11.3,0,1,reviewed,nn,nn
2020-04-29T16:21:18.609Z,58.4147,-137.0459,9.3,2.4,ml,,,,0.73,ak,ak0205iq55pz,2020-04-29T21:42:49.040Z,"74km W of Gustavus, Alaska",earthquake,,1.6,,,reviewed,ak,ak
2020-04-29T16:18:35.510Z,52.3188333,-174.1861667,4.44,-0.79,ml,5,159,0.01037,0.25,av,av70890644,2020-04-30T20:58:06.120Z,"13km N of Atka, Alaska",earthquake,0.87,1.31,0.225,5,reviewed,av,av
2020-04-29T16:04:31.434Z,-23.2923,-66.7238,201.43,4.8,mww,,47,1.381,0.78,us,us60009esk,2020-04-29T16:38:58.040Z,"105km W of El Aguilar, Argentina",earthquake,3.5,6.1,0.075,17,reviewed,us,us
2020-04-29T16:00:50.845Z,38.0394,-118.7673,3.8,1.2,ml,9,100.35,0.296,0.1657,nn,nn00723970,2020-04-30T02:09:27.458Z,"46km NNE of Mammoth Lakes, California",earthquake,,2.8,0.18,3,reviewed,nn,nn
2020-04-29T15:56:10.330Z,38.034,-118.7786667,8.73,1.87,md,26,105,0.3025,0.04,nc,nc73378205,2020-04-30T08:08:06.897Z,"28km SE of Bodie, CA",earthquake,0.28,2.84,0.116,25,reviewed,nc,nc
2020-04-29T15:47:02.516Z,-17.2766,-173.7887,28.84,4.9,mb,,93,4.084,0.72,us,us60009es9,2020-04-29T16:07:09.040Z,"146km S of Hihifo, Tonga",earthquake,14.2,6.4,0.045,157,reviewed,us,us
2020-04-29T15:42:27.990Z,33.4971667,-116.5031667,10.29,0.66,ml,25,58,0.06451,0.18,ci,ci39409968,2020-04-29T18:49:43.540Z,"17km ESE of Anza, CA",earthquake,0.28,0.58,0.157,18,reviewed,ci,ci
2020-04-29T15:40:29.780Z,38.8185005,-122.7884979,1.62,0.61,md,16,78,0.00804,0.03,nc,nc73378200,2020-04-29T18:24:03.259Z,"5km NNW of The Geysers, CA",earthquake,0.26,0.57,0.35,2,automatic,nc,nc
2020-04-29T15:32:51.000Z,44.7611667,-111.1735,9.39,0.65,ml,10,118,0.01921,0.18,uu,uu60382712,2020-04-29T17:26:32.580Z,"12km NNW of West Yellowstone, Montana",earthquake,0.55,1.22,0.537,2,reviewed,uu,uu
2020-04-29T15:32:16.880Z,54.126,-165.9556667,3.22,-1.11,ml,5,156,0.005363,0.09,av,av70890639,2020-04-30T20:54:34.030Z,"11km W of Akutan, Alaska",earthquake,0.5,0.39,0.19,4,reviewed,av,av
2020-04-29T15:31:43.140Z,38.8138351,-122.8186646,2.74,0.75,md,17,53,0.009595,0.02,nc,nc73378195,2020-04-29T17:57:05.030Z,"7km NW of The Geysers, CA",earthquake,0.28,0.65,0.15,2,automatic,nc,nc
2020-04-29T15:28:16.090Z,33.7198333,-117.0328333,13.47,0.6,ml,25,50,0.0286,0.14,ci,ci39409936,2020-04-30T21:49:04.301Z,"4km ESE of Green Acres, CA",earthquake,0.24,0.4,0.157,14,reviewed,ci,ci
2020-04-29T15:20:00.460Z,40.276,-121.3741667,6.44,0.98,md,10,175,0.1261,0.03,nc,nc73378185,2020-04-29T20:43:03.118Z,"12km WSW of Chester, CA",earthquake,0.5,1.46,0.072,9,reviewed,nc,nc
2020-04-29T15:11:26.834Z,59.7891,-152.3526,71.4,1,ml,,,,0.08,ak,ak0205iphka3,2020-04-29T15:14:44.403Z,"29km W of Anchor Point, Alaska",earthquake,,1.4,,,automatic,ak,ak
2020-04-29T15:04:18.010Z,47.16,-113.0176667,3.22,1.33,ml,13,153,0.097,0.13,mb,mb80415819,2020-05-01T21:00:10.440Z,"34km NW of Lincoln, Montana",earthquake,0.53,1.09,0.284,2,reviewed,mb,mb
2020-04-29T15:02:34.465Z,60.0105,-152.7528,88.9,2.7,ml,,,,0.56,ak,ak0205ipfnft,2020-04-29T21:06:04.040Z,"52km S of Redoubt Volcano, Alaska",earthquake,,0.3,,,automatic,ak,ak
2020-04-29T14:53:36.060Z,33.502,-116.5055,12.69,0.02,ml,25,58,0.05931,0.17,ci,ci39409872,2020-04-29T18:32:05.420Z,"17km ESE of Anza, CA",earthquake,0.24,0.49,0.131,7,reviewed,ci,ci
2020-04-29T14:53:19.930Z,37.3326667,-118.3528333,10.29,1.56,md,15,169,0.1161,0.07,nc,nc73378175,2020-04-29T22:52:02.090Z,"5km SE of Bishop, CA",earthquake,0.35,0.73,0.139,14,reviewed,nc,nc
2020-04-29T14:49:19.600Z,54.1418333,-165.924,4.07,-0.74,ml,7,149,0.02812,0.3,av,av70890634,2020-04-30T20:49:31.350Z,"9km W of Akutan, Alaska",earthquake,0.57,1.03,0.282,6,reviewed,av,av
2020-04-29T14:38:14.491Z,61.274,-147.66,12.9,1.2,ml,,,,0.75,ak,ak0205ip1qos,2020-04-29T17:02:38.157Z,"72km WNW of Valdez, Alaska",earthquake,,0.5,,,reviewed,ak,ak
2020-04-29T14:36:25.660Z,19.4073334,-155.276001,0.01,1.84,md,20,36,0.01211,0.1,hv,hv71493012,2020-04-29T14:39:46.730Z,"4km WSW of Volcano, Hawaii",earthquake,0.16,0.18,0.33,16,automatic,hv,hv
2020-04-29T14:32:53.081Z,37.163,-116.255,0,-0.1,ml,8,197.37,0.057,0.1211,nn,nn00723966,2020-04-30T02:09:22.956Z,"53km ENE of Beatty, Nevada",earthquake,,0,0.27,3,reviewed,nn,nn
2020-04-29T14:26:40.072Z,61.345,-147.6228,0,1.7,ml,,,,0.93,ak,ak0205iozdds,2020-04-29T14:31:30.417Z,"72km WNW of Valdez, Alaska",earthquake,,0.6,,,automatic,ak,ak
2020-04-29T14:20:58.470Z,35.8885,-117.7193333,4.39,0.69,ml,12,63,0.08152,0.08,ci,ci39409832,2020-04-30T22:18:35.338Z,"18km ESE of Little Lake, CA",earthquake,0.18,0.44,0.156,5,reviewed,ci,ci
2020-04-29T14:17:06.410Z,54.1381667,-165.9251667,4.64,-0.22,ml,8,135,0.0266,0.31,av,av70890624,2020-04-30T21:57:04.810Z,"9km W of Akutan, Alaska",earthquake,0.6,1.11,0.294,7,reviewed,av,av
2020-04-29T14:16:35.270Z,54.1401667,-165.9453333,3.47,-1.04,ml,5,189,0.01876,0.31,av,av70890619,2020-04-30T20:41:56.870Z,"11km W of Akutan, Alaska",earthquake,1.47,0.94,0.122,4,reviewed,av,av
2020-04-29T14:14:39.230Z,54.1435,-165.9241667,4.1,-1.01,ml,7,150,0.02689,0.27,av,av70890614,2020-04-30T20:37:24.350Z,"9km W of Akutan, Alaska",earthquake,0.53,0.96,0.106,6,reviewed,av,av
2020-04-29T14:11:24.100Z,47.7685,-122.4885,22.33,1.8,ml,15,71,0.1083,0.21,uw,uw61605967,2020-04-30T00:16:15.860Z,"3km NE of Indianola, Washington",earthquake,0.49,1.17,0.217458836476194,8,reviewed,uw,uw
2020-04-29T14:10:33.690Z,37.5011667,-118.857,4.89,0.81,md,18,232,0.09143,0.04,nc,nc73378165,2020-04-29T19:21:43.929Z,"17km WSW of Toms Place, CA",earthquake,0.58,1.71,0.161,17,reviewed,nc,nc
2020-04-29T14:08:26.080Z,54.1446667,-165.9205,3.53,-0.52,ml,6,154,0.02777,0.27,av,av70890609,2020-04-30T20:34:52.720Z,"9km W of Akutan, Alaska",earthquake,0.48,0.93,0.246,5,reviewed,av,av
2020-04-29T14:04:58.280Z,52.0463333,-176.0828333,7.07,-0.2,ml,5,113,0.01573,0.22,av,av70890599,2020-04-30T20:29:19.600Z,"43km ENE of Adak, Alaska",earthquake,0.86,1.22,0.208,5,reviewed,av,av
2020-04-29T14:01:18.307Z,-17.7915,-178.4887,585.56,4.6,mb,,87,3.295,0.85,us,us60009epz,2020-04-30T04:56:42.040Z,"272km SE of Lambasa, Fiji",earthquake,14.2,9.1,0.095,33,reviewed,us,us
2020-04-29T14:00:39.110Z,52.0483333,-176.0753333,7.02,0.94,ml,6,110,0.01223,0.13,av,av62161911,2020-04-30T20:26:47.890Z,"44km ENE of Adak, Alaska",earthquake,0.5,0.67,0.179,6,reviewed,av,av
2020-04-29T13:59:53.950Z,17.9203,-66.7931,9,2.5,md,13,219,0.1021,0.2,pr,pr2020120022,2020-04-29T14:36:19.241Z,"8km SSE of Indios, Puerto Rico",earthquake,0.84,0.69,0.23,8,reviewed,pr,pr
2020-04-29T13:57:09.110Z,38.8110008,-122.8221664,2.13,1.87,md,30,59,0.005877,0.03,nc,nc73378155,2020-04-29T16:07:03.681Z,"7km WNW of The Geysers, CA",earthquake,0.19,0.3,0.11,9,automatic,nc,nc
2020-04-29T13:29:13.010Z,19.1346,-67.1788,7,3.58,md,18,226,0.6705,0.36,pr,pr2020120021,2020-04-30T05:05:48.040Z,"83km N of Isabela, Puerto Rico",earthquake,1.56,1.78,0.07,10,reviewed,pr,pr
2020-04-29T13:27:29.310Z,36.0111656,-120.5738297,1.65,1,md,11,110,0.03023,0.1,nc,nc73378150,2020-04-29T13:44:02.842Z,"18km NW of Parkfield, CA",earthquake,0.49,1.23,0.09,2,automatic,nc,nc
2020-04-29T13:19:30.170Z,35.7955,-117.618,6.95,0.81,ml,26,68,0.02618,0.13,ci,ci39409776,2020-04-30T21:39:41.789Z,"20km W of Searles Valley, CA",earthquake,0.16,0.29,0.198,10,reviewed,ci,ci
2020-04-29T13:11:02.400Z,35.7915,-117.6158333,6.53,2.77,ml,51,30,0.02841,0.15,ci,ci39409760,2020-04-30T21:34:52.270Z,"19km W of Searles Valley, CA",earthquake,0.12,0.32,0.155,23,reviewed,ci,ci
2020-04-29T13:04:29.340Z,17.943,-66.8203,9,2.7,md,9,218,0.0671,0.26,pr,pr2020120020,2020-04-29T14:42:09.185Z,"5km S of Indios, Puerto Rico",earthquake,0.91,1.36,0.04,4,reviewed,pr,pr
2020-04-29T12:59:24.930Z,38.8423347,-122.8391647,2.08,0.7,md,20,91,0.004716,0.02,nc,nc73378135,2020-04-29T13:24:02.719Z,"10km NW of The Geysers, CA",earthquake,0.23,0.49,0.14,3,automatic,nc,nc
2020-04-29T12:57:47.660Z,38.8321648,-122.8191681,1.91,0.89,md,15,51,0.01128,0.02,nc,nc73378130,2020-04-29T13:13:02.653Z,"8km NW of The Geysers, CA",earthquake,0.25,0.72,,1,automatic,nc,nc
2020-04-29T12:57:16.765Z,39.483,77.1116,10,4,mb,,74,2.123,1.07,us,us60009emw,2020-04-30T06:23:51.040Z,"87km ESE of Arzak, China",earthquake,6.8,1.9,0.13,16,reviewed,us,us
2020-04-29T12:50:11.440Z,35.9115,-117.7336667,7.89,1.45,ml,20,53,0.07674,0.1,ci,ci39409728,2020-04-29T13:08:42.470Z,"16km E of Little Lake, CA",earthquake,0.2,0.65,0.241,20,reviewed,ci,ci
2020-04-29T12:47:31.833Z,64.8087,-147.4925,0,1.3,ml,,,,0.72,ak,ak0205inwzpu,2020-04-29T12:52:07.325Z,"2km ENE of Badger, Alaska",earthquake,,0.4,,,automatic,ak,ak
2020-04-29T12:47:15.670Z,58.1655,-155.3523333,-2.13,0.07,ml,9,241,0.04644,0.08,av,av62161891,2020-04-30T20:17:42.140Z,"96km SE of King Salmon, Alaska",earthquake,0.54,1.88,0.306,10,reviewed,av,av
2020-04-29T12:37:27.660Z,37.6296667,-119.0373333,1.25,0.1,md,7,115,0.01475,0.04,nc,nc71112389,2020-04-29T20:00:04.970Z,"5km W of Mammoth Lakes, CA",earthquake,0.36,0.54,0.27,7,reviewed,nc,nc
2020-04-29T12:37:21.630Z,33.6893333,-116.8003333,13.45,0.19,ml,23,84,0.0712,0.18,ci,ci37268444,2020-04-30T21:21:00.009Z,"9km SW of Idyllwild, CA",earthquake,0.33,0.55,0.178,10,reviewed,ci,ci
2020-04-29T12:37:14.760Z,33.502,-116.785,7.34,0.12,ml,30,46,0.01648,0.17,ci,ci39409720,2020-04-30T20:40:36.757Z,"10km NE of Aguanga, CA",earthquake,0.19,0.54,0.18,10,reviewed,ci,ci
2020-04-29T12:36:58.550Z,37.6288333,-119.0371667,1.41,0.11,md,8,116,0.01545,0.03,nc,nc71112384,2020-04-29T19:54:02.930Z,"5km W of Mammoth Lakes, CA",earthquake,0.4,0.55,0.266,7,reviewed,nc,nc
2020-04-29T12:36:37.640Z,37.6301667,-119.0375,1.19,0.1,md,8,114,0.01437,0.04,nc,nc73378125,2020-04-29T19:37:03.834Z,"5km W of Mammoth Lakes, CA",earthquake,0.37,0.63,0.191,7,reviewed,nc,nc
2020-04-29T12:32:11.490Z,37.3408333,-118.349,9.63,1.41,md,16,173,0.1089,0.08,nc,nc73378120,2020-04-30T02:09:39.471Z,"5km ESE of Bishop, CA",earthquake,0.52,0.64,0.173,16,reviewed,nc,nc
2020-04-29T12:31:08.696Z,64.6903,-146.8873,21.4,0.2,ml,,,,0.68,ak,ak0205inthsa,2020-04-29T16:54:34.288Z,"8km ENE of Eielson Air Force Base, Alaska",earthquake,,0.5,,,reviewed,ak,ak
2020-04-29T12:21:41.260Z,37.3345,-118.3543333,8.95,1.58,md,26,131,0.1117,0.06,nc,nc73378115,2020-05-01T02:03:05.246Z,"5km SE of Bishop, CA",earthquake,0.42,0.68,0.145,22,reviewed,nc,nc
2020-04-29T12:18:20.734Z,62.4057,-148.9871,0,1.5,ml,,,,0.95,ak,ak0205inqr06,2020-04-29T12:26:41.118Z,"52km ENE of Y, Alaska",earthquake,,0.2,,,automatic,ak,ak
2020-04-29T12:16:04.900Z,37.3306667,-118.3546667,9.25,2.32,md,31,130,0.1149,0.06,nc,nc73378110,2020-05-01T01:28:03.015Z,"5km SE of Bishop, CA",earthquake,0.38,0.76,0.224,37,reviewed,nc,nc
2020-04-29T12:15:46.210Z,52.0505,-176.0936667,7.02,-0.38,ml,4,118,0.02341,0.19,av,av70890594,2020-04-30T20:22:47.650Z,"43km ENE of Adak, Alaska",earthquake,1.15,1.45,0.214,4,reviewed,av,av
2020-04-29T12:15:45.920Z,52.0715,-176.0755,6.78,-0.14,ml,4,243,0.02348,0.09,av,av70890589,2020-04-30T20:19:43.680Z,"45km ENE of Adak, Alaska",earthquake,1.01,0.85,0.233,5,reviewed,av,av
2020-04-29T12:10:38.360Z,37.3256667,-118.3685,8.42,3.73,mw,37,114,0.03935,0.08,nc,nc73378105,2020-05-03T22:17:21.913Z,"5km SSE of Bishop, CA",earthquake,0.37,0.45,,4,reviewed,nc,nc
2020-04-29T12:07:27.700Z,38.815834,-122.7648315,2.25,0.4,md,8,105,0.01265,0.02,nc,nc73378100,2020-04-29T12:35:03.585Z,"4km W of Cobb, CA",earthquake,0.43,1.11,0.17,2,automatic,nc,nc
2020-04-29T11:59:09.410Z,35.8625,-117.6765,9.32,0.81,ml,22,45,0.07935,0.15,ci,ci39409680,2020-04-30T20:31:48.700Z,"22km ESE of Little Lake, CA",earthquake,0.21,0.51,0.171,10,reviewed,ci,ci
2020-04-29T11:58:37.030Z,38.8296661,-122.8101654,2.01,0.84,md,21,61,0.01777,0.02,nc,nc73378090,2020-04-29T12:13:03.658Z,"8km NW of The Geysers, CA",earthquake,0.22,0.47,0.06,2,automatic,nc,nc
2020-04-29T11:57:01.230Z,38.8156662,-122.7613297,1.75,2.2,md,45,61,0.01507,0.05,nc,nc73378085,2020-04-29T14:35:03.137Z,"3km WSW of Cobb, CA",earthquake,0.17,0.26,0.2,15,automatic,nc,nc
2020-04-29T11:55:53.050Z,35.8726667,-117.692,6.2,0.83,ml,27,40,0.08233,0.1,ci,ci39409672,2020-04-30T20:25:18.410Z,"21km ESE of Little Lake, CA",earthquake,0.11,0.31,0.155,14,reviewed,ci,ci
2020-04-29T11:52:02.583Z,58.5217,-136.9693,5,2.2,ml,,,,0.75,ak,ak0205inclbf,2020-04-29T16:49:22.492Z,"72km W of Gustavus, Alaska",earthquake,,0,,,reviewed,ak,ak
2020-04-29T11:45:13.810Z,17.9513,-66.8396,12,2.27,md,13,209,0.0462,0.17,pr,pr2020120019,2020-04-29T12:10:41.852Z,"5km SSW of Indios, Puerto Rico",earthquake,0.54,0.57,0.01,3,reviewed,pr,pr
2020-04-29T11:44:46.220Z,38.0301667,-118.792,12.01,2.13,md,30,102,0.2946,0.04,nc,nc73378080,2020-04-30T11:10:03.507Z,"28km SE of Bodie, CA",earthquake,0.27,1.68,0.158,31,reviewed,nc,nc
2020-04-29T11:41:26.597Z,63.1957,-148.3477,63.9,1.7,ml,,,,0.43,ak,ak0205ina9bf,2020-04-29T11:52:22.214Z,"37km SE of Cantwell, Alaska",earthquake,,0.7,,,automatic,ak,ak
2020-04-29T11:39:00.140Z,40.7115,-112.0678333,8.42,0.54,md,8,98,0.02797,0.09,uu,uu60382682,2020-04-29T14:24:10.840Z,"2km E of Magna, Utah",earthquake,0.77,1.02,0.209,3,reviewed,uu,uu
2020-04-29T11:32:36.949Z,60.8885,-150.5228,34.8,1.6,ml,,,,0.43,ak,ak0205in8cog,2020-04-29T11:44:29.248Z,"41km NNE of Sterling, Alaska",earthquake,,0.2,,,automatic,ak,ak
2020-04-29T11:31:02.465Z,60.2295,-152.653,107.6,1.1,ml,,,,0.71,ak,ak0205in829y,2020-04-29T11:35:46.428Z,"28km S of Redoubt Volcano, Alaska",earthquake,,0.7,,,automatic,ak,ak
2020-04-29T11:21:13.750Z,46.9715,-112.825,15.01,1.77,ml,17,131,0.117,0.17,mb,mb80414519,2020-04-29T14:34:17.640Z,"11km W of Lincoln, Montana",earthquake,0.44,0.6,0.197,4,reviewed,mb,mb
2020-04-29T11:20:33.939Z,36.86366667,-97.45516667,5,1.83,ml,79,93,0.1502705118,0.28,ok,ok2020ikhi,2020-04-29T12:39:49.056Z,"16km WNW of Blackwell, Oklahoma",earthquake,,0.9,0.2,34,reviewed,ok,ok
2020-04-29T11:06:03.490Z,54.1401667,-165.9483333,3.83,-1.06,ml,5,182,0.01774,0.24,av,av70890584,2020-04-30T20:12:39.350Z,"11km W of Akutan, Alaska",earthquake,1.21,0.8,0.187,4,reviewed,av,av
2020-04-29T11:05:09.870Z,17.8676,-66.9038,8,2.76,md,20,224,0.1103,0.17,pr,pr2020120017,2020-04-29T11:32:28.500Z,"11km S of Guanica, Puerto Rico",earthquake,0.68,0.89,0.25,8,reviewed,pr,pr
2020-04-29T10:58:15.993Z,62.2379,-150.6599,48.5,1.6,ml,,,,0.74,ak,ak0205imsg2f,2020-04-29T11:03:19.007Z,"30km WSW of Talkeetna, Alaska",earthquake,,0.9,,,automatic,ak,ak
2020-04-29T10:57:27.070Z,54.1418333,-165.9263333,4.14,-0.59,ml,8,148,0.02718,0.29,av,av70890569,2020-04-30T20:00:02.020Z,"10km W of Akutan, Alaska",earthquake,0.45,0.82,0.25,7,reviewed,av,av
2020-04-29T10:56:39.260Z,17.9621,-66.7375,10,2.58,md,12,183,0.1423,0.13,pr,pr2020120016,2020-04-29T11:32:56.820Z,"4km SSW of Tallaboa, Puerto Rico",earthquake,0.35,0.39,0.13,6,reviewed,pr,pr
2020-04-29T10:54:27.870Z,37.5843333,-118.8593333,5.58,0.8,md,19,155,0.02467,0.02,nc,nc73378065,2020-04-29T22:15:04.734Z,"12km ESE of Mammoth Lakes, CA",earthquake,0.36,0.65,0.178,18,reviewed,nc,nc
2020-04-29T10:52:11.998Z,-23.7303,69.5295,10,4.9,mb,,76,20.582,0.53,us,us60009ele,2020-04-29T11:15:26.040Z,"Mid-Indian Ridge",earthquake,9.8,1.9,0.068,68,reviewed,us,us
2020-04-29T10:51:56.460Z,17.9158,-66.9128,9,2.58,md,16,228,0.0682,0.17,pr,pr2020120015,2020-04-29T11:33:10.546Z,"6km S of Guanica, Puerto Rico",earthquake,0.72,1.09,0.15,10,reviewed,pr,pr
2020-04-29T10:49:01.840Z,38.8273315,-122.7968369,2.76,0.83,md,14,58,0.01106,0.01,nc,nc73378060,2020-04-29T11:04:03.255Z,"6km W of Cobb, CA",earthquake,0.27,0.65,0.06,2,automatic,nc,nc
2020-04-29T10:48:24.190Z,33.1248333,-116.5278333,11.46,0.72,ml,29,64,0.07305,0.22,ci,ci39409656,2020-04-29T13:09:23.614Z,"9km NE of Julian, CA",earthquake,0.39,1.02,0.08,11,reviewed,ci,ci
2020-04-29T10:45:08.080Z,52.0735,-176.0551667,9.41,-0.64,ml,4,194,0.02007,0.2,av,av70890574,2020-04-30T20:03:03.770Z,"46km ENE of Adak, Alaska",earthquake,1.6,1.3,0.332,4,reviewed,av,av
2020-04-29T10:44:52.950Z,58.1806667,-155.3616667,1.32,0.26,ml,11,228,0.03437,0.12,av,av62161861,2020-04-30T20:05:35.450Z,"94km SE of King Salmon, Alaska",earthquake,0.79,0.61,0.314,11,reviewed,av,av
2020-04-29T10:39:07.020Z,33.4835,-116.5073333,11.94,1.23,ml,58,30,0.07641,0.17,ci,ci39409648,2020-04-29T13:09:45.590Z,"17km ESE of Anza, CA",earthquake,0.19,0.37,0.254,27,reviewed,ci,ci
2020-04-29T10:31:15.530Z,38.0493333,-118.7536667,4.57,1.49,md,28,108,0.2813,0.06,nc,nc73378050,2020-04-30T02:08:58.106Z,"29km SE of Bodie, CA",earthquake,0.26,7.24,0.141,28,reviewed,nc,nc
2020-04-29T10:26:59.939Z,36.3725,-96.95766667,5.72,1.67,ml,76,36,0,0.26,ok,ok2020ikfo,2020-04-29T13:01:17.042Z,"14km WNW of Pawnee, Oklahoma",earthquake,,0.4,0.19,27,reviewed,ok,ok
2020-04-29T10:23:16.245Z,-5.2952,152.5129,35,5.1,mb,,181,1.15,1.18,us,us60009el9,2020-04-29T10:48:43.040Z,"107km SSE of Kokopo, Papua New Guinea",earthquake,10.5,2,0.048,142,reviewed,us,us
2020-04-29T10:22:48.249Z,20.1691,-74.1685,10,4.5,mb,,44,0.857,1.03,us,us60009el1,2020-05-03T15:56:39.349Z,"39km ESE of Baracoa, Cuba",earthquake,5.4,1.9,0.032,288,reviewed,us,us
2020-04-29T10:17:42.380Z,36.1118333,-117.838,1.8,0.98,ml,11,118,0.01481,0.12,ci,ci39409640,2020-04-29T13:09:39.029Z,"12km NE of Coso Junction, CA",earthquake,0.39,0.28,0.411,8,reviewed,ci,ci
2020-04-29T10:13:24.297Z,61.6735,-157.2723,10.6,1.3,ml,,,,0.69,ak,ak0205imithr,2020-04-29T10:26:20.252Z,"143km ESE of Holy Cross, Alaska",earthquake,,0.3,,,automatic,ak,ak
2020-04-29T10:11:33.155Z,61.55,-146.4451,22.1,1.6,ml,,,,0.86,ak,ak0205imieqy,2020-04-29T10:24:38.860Z,"46km N of Valdez, Alaska",earthquake,,0.4,,,automatic,ak,ak
2020-04-29T10:08:27.830Z,37.5958333,-119.017,1.12,0.29,md,12,195,0.01668,0.03,nc,nc73378045,2020-04-29T19:31:06.796Z,"6km SW of Mammoth Lakes, CA",earthquake,0.39,0.35,0.375,10,reviewed,nc,nc
2020-04-29T10:06:19.480Z,40.7355,-112.0663333,8.45,0.21,md,10,90,0.02011,0.16,uu,uu60382677,2020-04-29T14:22:05.120Z,"4km NE of Magna, Utah",earthquake,0.57,0.82,0.114,4,reviewed,uu,uu
2020-04-29T09:59:57.210Z,17.919,-66.8218,12,2.89,md,16,226,0.0803,0.11,pr,pr2020120014,2020-04-29T10:20:30.192Z,"8km S of Indios, Puerto Rico",earthquake,0.66,0.37,0.14,6,reviewed,pr,pr
2020-04-29T09:58:45.630Z,39.0718333,-111.4658333,3.93,2.67,ml,34,45,0.1116,0.16,uu,uu60382672,2020-04-30T13:52:55.518Z,"20km SSE of Manti, Utah",earthquake,0.3,0.65,0.109,15,reviewed,uu,uu
2020-04-29T09:56:53.230Z,33.5948333,-116.8095,5.09,0.2,ml,31,69,0.03791,0.11,ci,ci39409632,2020-04-30T20:09:03.554Z,"13km WNW of Anza, CA",earthquake,0.17,0.32,0.159,12,reviewed,ci,ci
2020-04-29T09:54:44.350Z,41.468,-112.34,0.58,1.06,md,11,99,0.09231,0.14,uu,uu60382667,2020-04-29T14:20:30.050Z,"25km W of Perry, Utah",earthquake,0.6,31.61,0.221,8,reviewed,uu,uu
2020-04-29T09:54:01.400Z,35.6893333,-117.5225,6.4,0.9,ml,16,155,0.1138,0.15,ci,ci39409624,2020-04-29T13:10:10.493Z,"14km SW of Searles Valley, CA",earthquake,0.45,1.37,0.123,10,reviewed,ci,ci
2020-04-29T09:53:11.100Z,38.8278351,-122.8133316,1.83,0.93,md,24,41,0.005112,0.02,nc,nc73378035,2020-04-29T10:25:03.967Z,"8km NW of The Geysers, CA",earthquake,0.19,0.35,0.12,5,automatic,nc,nc
2020-04-29T09:50:52.070Z,35.4086667,-117.8006667,7.86,1.97,ml,46,37,0.1199,0.13,ci,ci39409616,2020-04-29T18:19:32.820Z,"16km WNW of Johannesburg, CA",earthquake,0.13,0.64,0.15,27,reviewed,ci,ci
2020-04-29T09:50:13.650Z,39.7758331,-121.9958344,14.79,2.95,md,25,49,0.2092,0.2,nc,nc73378025,2020-04-29T19:33:14.643Z,"4km NNE of Hamilton City, CA",earthquake,0.4,1.13,0.16,29,automatic,nc,nc
2020-04-29T09:46:10.040Z,38.8084984,-122.8121643,0,0.8,md,20,55,0.01318,0.05,nc,nc73378020,2020-04-29T10:11:03.568Z,"6km NW of The Geysers, CA",earthquake,0.17,0.57,0.07,3,automatic,nc,nc
2020-04-29T09:45:17.450Z,38.8100014,-122.8118362,0.17,0.55,md,9,104,0.01308,0.02,nc,nc73378015,2020-04-29T10:00:04.020Z,"6km NW of The Geysers, CA",earthquake,0.31,0.91,,1,automatic,nc,nc
2020-04-29T09:44:56.710Z,35.8876667,-117.6928333,8.95,0.93,ml,26,45,0.06928,0.1,ci,ci39409608,2020-04-30T19:59:06.270Z,"20km ESE of Little Lake, CA",earthquake,0.13,0.33,0.106,12,reviewed,ci,ci
2020-04-29T09:40:20.060Z,44.8595,-111.4893333,8.51,0.46,ml,12,128,0.051,0.2,mb,mb80414509,2020-04-29T14:02:18.430Z,"37km NW of West Yellowstone, Montana",earthquake,0.84,1.05,0.088,4,reviewed,mb,mb
2020-04-29T09:38:05.450Z,38.0415,-118.7586667,4.12,1.5,md,27,108,0.2897,0.06,nc,nc73378010,2020-04-30T02:08:53.997Z,"29km SE of Bodie, CA",earthquake,0.38,7.57,0.164,26,reviewed,nc,nc
2020-04-29T09:35:36.140Z,40.7398333,-112.0753333,7.57,0.24,md,12,87,0.01382,0.11,uu,uu60382662,2020-04-29T14:10:01.140Z,"4km NNE of Magna, Utah",earthquake,0.42,0.98,0.08,5,reviewed,uu,uu
2020-04-29T09:31:39.559Z,59.8898,-145.9996,9,1.7,ml,,,,1.34,ak,ak0205im19xl,2020-04-29T09:36:57.579Z,"53km NNE of Middleton Island, Alaska",earthquake,,0.3,,,automatic,ak,ak
2020-04-29T09:29:05.570Z,35.842,-117.6715,10.23,0.8,ml,26,48,0.06559,0.12,ci,ci39409600,2020-04-30T19:49:25.431Z,"24km ESE of Little Lake, CA",earthquake,0.15,0.28,0.236,12,reviewed,ci,ci
2020-04-29T09:27:57.590Z,38.8088341,-122.8291702,2.1,0.76,md,11,66,0.009223,0.02,nc,nc73378005,2020-04-29T09:42:02.902Z,"7km WNW of The Geysers, CA",earthquake,0.28,0.62,0.15,2,automatic,nc,nc
2020-04-29T09:27:42.185Z,61.8397,-149.257,43.6,1.1,ml,,,,0.46,ak,ak0205im0fae,2020-04-29T09:33:35.862Z,"10km N of Fishhook, Alaska",earthquake,,0.6,,,automatic,ak,ak
2020-04-29T09:23:17.851Z,60.7139,-150.5739,44.3,1.1,ml,,,,0.45,ak,ak0205ilziju,2020-04-29T09:33:35.300Z,"22km NNE of Sterling, Alaska",earthquake,,0.9,,,automatic,ak,ak
2020-04-29T09:13:49.750Z,36.3036667,-83.4638333,15,2.5,md,22,52,0.02527,0.19,se,se60289532,2020-05-03T12:09:05.092Z,"4km ENE of Rutledge, Tennessee",earthquake,0.45,0.78,0.078,16,reviewed,se,se
2020-04-29T09:12:27.106Z,58.3472,-155.422,127.2,1.3,ml,,,,0.45,ak,ak0205ilx56u,2020-04-29T16:45:08.750Z,"81km ESE of King Salmon, Alaska",earthquake,,1,,,reviewed,ak,ak
2020-04-29T09:08:52.640Z,35.6743333,-117.5238333,6.8,0.73,ml,26,77,0.101,0.13,ci,ci39409592,2020-04-30T19:41:18.018Z,"15km ENE of Ridgecrest, CA",earthquake,0.18,0.53,0.184,11,reviewed,ci,ci
2020-04-29T09:00:02.840Z,37.6386667,-118.9401667,4.58,0.52,md,17,74,0.02655,0.06,nc,nc73378000,2020-04-29T19:14:02.550Z,"3km E of Mammoth Lakes, CA",earthquake,0.53,0.87,0.203,16,reviewed,nc,nc
2020-04-29T08:55:03.210Z,52.0685,-176.1276667,1.9,-0.33,ml,4,197,0.01811,0.04,av,av70890559,2020-04-30T18:49:01.800Z,"42km ENE of Adak, Alaska",earthquake,0.42,0.77,0.294,4,reviewed,av,av
2020-04-29T08:47:12.630Z,38.471,-112.7953333,1.67,-0.49,md,5,300,0.05327,0.05,uu,uu60382657,2020-04-29T14:06:20.480Z,"20km ENE of Milford, Utah",earthquake,0.89,2.7,0.435,2,reviewed,uu,uu
2020-04-29T08:44:16.400Z,38.0433333,-118.7625,2.7,1.66,md,30,179,0.2905,0.05,nc,nc73377985,2020-04-30T07:30:04.065Z,"29km SE of Bodie, CA",earthquake,0.54,8.88,0.212,28,reviewed,nc,nc
2020-04-29T08:42:37.847Z,63.3082,-147.2557,3.1,1.4,ml,,,,0.62,ak,ak0205ili73e,2020-04-29T08:53:04.964Z,"85km E of Cantwell, Alaska",earthquake,,0.3,,,automatic,ak,ak
2020-04-29T08:40:25.656Z,60.4607,-141.2284,0,1.3,ml,,,,1.14,ak,ak0205ilhqh3,2020-04-29T08:51:24.261Z,"79km NE of Cape Yakataga, Alaska",earthquake,,0.5,,,automatic,ak,ak
2020-04-29T08:40:24.400Z,34.3303333,-116.9753333,4.63,0.9,ml,40,46,0.08153,0.13,ci,ci39409584,2020-04-30T19:27:52.130Z,"11km NNW of Big Bear Lake, CA",earthquake,0.13,0.6,0.131,23,reviewed,ci,ci
2020-04-29T08:37:47.234Z,63.1001,-150.532,104.8,1.3,ml,,,,0.2,ak,ak0205ilh57l,2020-04-29T08:48:12.502Z,"85km WSW of Cantwell, Alaska",earthquake,,2.4,,,automatic,ak,ak
2020-04-29T08:34:18.500Z,36.0846667,-117.8426667,1.88,1.23,ml,27,64,0.0343,0.14,ci,ci39409576,2020-04-29T17:08:28.595Z,"10km ENE of Coso Junction, CA",earthquake,0.16,0.18,0.184,16,reviewed,ci,ci
2020-04-29T08:33:37.790Z,36.083,-117.8411667,1.77,0.89,ml,19,76,0.03625,0.12,ci,ci39409568,2020-04-30T19:34:00.854Z,"10km ENE of Coso Junction, CA",earthquake,0.19,0.21,0.142,10,reviewed,ci,ci
2020-04-29T08:17:48.690Z,-4.5219,102.5046,56.38,4.8,mb,,95,0.477,0.58,us,us60009ejp,2020-04-29T08:38:40.040Z,"84km SSE of Bengkulu, Indonesia",earthquake,8.4,7,0.087,41,reviewed,us,us
2020-04-29T08:16:44.320Z,37.6283333,-118.9863333,4.15,0.84,md,25,95,0.02389,0.04,nc,nc73377980,2020-05-02T08:00:18.151Z,"1km SW of Mammoth Lakes, CA",earthquake,0.27,0.46,0.337,22,reviewed,nc,nc
2020-04-29T08:14:43.240Z,35.7431667,-117.5493333,3.11,0.89,ml,14,89,0.08233,0.16,ci,ci39409560,2020-04-29T13:10:53.663Z,"13km WSW of Searles Valley, CA",earthquake,0.31,0.57,0.231,10,reviewed,ci,ci
2020-04-29T08:11:04.830Z,36.36916667,-96.95966667,5.02,1.41,ml,74,35,0,0.23,ok,ok2020ikbb,2020-04-29T13:07:34.787Z,"14km WNW of Pawnee, Oklahoma",earthquake,,0.4,0.18,26,reviewed,ok,ok
2020-04-29T08:11:03.070Z,18.0203,-66.7691,14,2.3,md,22,73,0.119,0.1,pr,pr2020120013,2020-04-29T08:39:12.484Z,"0km N of Magas Arriba, Puerto Rico",earthquake,0.27,0.4,0.19,4,reviewed,pr,pr
2020-04-29T08:06:49.700Z,52.0308333,-176.1043333,4.06,-0.43,ml,5,130,0.03059,0.23,av,av70890544,2020-04-30T18:40:57.830Z,"41km ENE of Adak, Alaska",earthquake,0.81,1.36,0.198,5,reviewed,av,av
2020-04-29T08:04:28.510Z,52.0776667,-176.1251667,-0.8,0.01,ml,4,217,0.02651,0.17,av,av70890539,2020-04-30T18:37:55.930Z,"42km ENE of Adak, Alaska",earthquake,1.22,0.39,0.19,4,reviewed,av,av
2020-04-29T08:01:29.200Z,32.9443333,-116.264,9.08,0.64,ml,18,100,0.03466,0.11,ci,ci39409552,2020-04-30T17:46:19.614Z,"25km SSW of Ocotillo Wells, CA",earthquake,0.21,0.44,0.134,11,reviewed,ci,ci
2020-04-29T08:00:28.740Z,52.0485,-176.137,3.02,0.13,ml,5,113,0.008743,0.2,av,av70890534,2020-04-30T18:35:54.420Z,"40km ENE of Adak, Alaska",earthquake,0.76,1.1,0.228,5,reviewed,av,av
2020-04-29T07:59:27.270Z,52.046,-176.1343333,1.62,-0.7,ml,4,114,0.0117,0.15,av,av70890529,2020-04-30T18:33:22.780Z,"40km ENE of Adak, Alaska",earthquake,0.61,1.2,0.119,4,reviewed,av,av
2020-04-29T07:51:43.560Z,52.0433333,-176.1291667,3.57,0.08,ml,6,103,0.01583,0.2,av,av70890524,2020-04-30T18:25:48.860Z,"40km ENE of Adak, Alaska",earthquake,0.54,1.07,0.207,6,reviewed,av,av
2020-04-29T07:51:28.270Z,35.5998333,-117.3938333,8.07,0.95,ml,29,101,0.05729,0.15,ci,ci39409544,2020-04-30T14:07:07.210Z,"18km S of Trona, CA",earthquake,0.26,0.48,0.188,11,reviewed,ci,ci
2020-04-29T07:49:08.180Z,52.0388333,-176.1201667,-0.26,-0.3,ml,4,141,0.02294,0.06,av,av70890519,2020-04-30T18:22:16.660Z,"40km ENE of Adak, Alaska",earthquake,0.31,0.39,0.234,4,reviewed,av,av
2020-04-29T07:44:12.130Z,52.0428333,-176.1283333,5.39,0.32,ml,5,114,0.03892,0.11,av,av70890504,2020-04-30T18:07:40.030Z,"40km ENE of Adak, Alaska",earthquake,0.39,0.82,0.175,5,reviewed,av,av
2020-04-29T07:42:47.820Z,52.0403333,-176.1228333,0.4,0.77,ml,7,107,0.02071,0.22,av,av62161801,2020-04-30T18:04:40.150Z,"40km ENE of Adak, Alaska",earthquake,0.41,0.55,0.172,7,reviewed,av,av
2020-04-29T07:41:44.440Z,52.0416667,-176.1213333,-0.04,-0.61,ml,4,132,0.0205,0.07,av,av70890499,2020-04-30T18:01:36.170Z,"41km ENE of Adak, Alaska",earthquake,0.36,0.37,0.159,4,reviewed,av,av
2020-04-29T07:38:46.149Z,35.1005,-97.7425,7,1.26,ml,18,114,0.1052793406,0.2,ok,ok2020ijzz,2020-04-29T15:34:33.111Z,"8km WSW of Blanchard, Oklahoma",earthquake,,0.8,0.35,6,reviewed,ok,ok
2020-04-29T07:38:29.592Z,65.1967,-152.2339,0,1.4,ml,,,,0.66,ak,ak0205ikvvzj,2020-04-29T07:46:58.737Z,"7km WNW of Tanana, Alaska",earthquake,,1.1,,,automatic,ak,ak
2020-04-29T07:38:08.740Z,35.8578333,-117.6783333,7.9,0.7,ml,13,84,0.07796,0.09,ci,ci39409536,2020-04-29T13:11:38.668Z,"22km ESE of Little Lake, CA",earthquake,0.24,0.8,0.122,9,reviewed,ci,ci
2020-04-29T07:26:20.770Z,58.1778333,-155.3598333,1.64,-0.68,ml,5,234,0.03638,0.04,av,av70890494,2020-04-30T17:56:33.310Z,"94km SE of King Salmon, Alaska",earthquake,0.87,0.79,0.24,6,reviewed,av,av
2020-04-29T07:20:31.495Z,-2.7663,-77.4186,34.21,4.4,mb,,103,1.86,0.56,us,us60009ej2,2020-04-29T08:09:41.040Z,"89km ESE of Sucua, Ecuador",earthquake,7.8,7.9,0.072,56,reviewed,us,us
2020-04-29T07:19:04.770Z,47.0786666666667,-122.048,12.6,0.56,ml,12,148,0.09497,0.09,uw,uw61605932,2020-04-29T21:38:02.070Z,"9km S of Buckley, Washington",earthquake,0.37,0.88,0.284216546973866,3,reviewed,uw,uw
2020-04-29T07:15:24.970Z,19.2364998,-155.4253387,32.12,2.01,md,33,117,0.02632,0.16,hv,hv71492737,2020-04-29T07:18:41.080Z,"6km ENE of Pahala, Hawaii",earthquake,0.7,1.14,0.15,15,automatic,hv,hv
2020-04-29T07:00:13.600Z,33.4971667,-116.5181667,8.6,1.93,ml,74,31,0.06112,0.22,ci,ci39409528,2020-04-29T13:12:55.050Z,"16km ESE of Anza, CA",earthquake,0.19,0.44,0.255,25,reviewed,ci,ci
2020-04-29T06:56:45.350Z,60.4388,-140.7908,16.4,1.3,ml,,,,0.45,ak,ak0205ikechj,2020-04-29T07:03:58.667Z,"99km ENE of Cape Yakataga, Alaska",earthquake,,0.3,,,automatic,ak,ak
2020-04-29T06:54:50.550Z,36.5445,-89.593,7.4,1.8,md,31,42,0.03014,0.04,nm,nm60289477,2020-04-29T14:24:37.530Z,"5km SSE of Lilbourn, Missouri",earthquake,0.41,0.54,0.174,24,reviewed,nm,nm
2020-04-29T06:54:15.300Z,36.64916667,-98.8555,6.86,0.87,ml,25,96,0.06298763968,0.1,ok,ok2020ijyn,2020-04-29T13:11:09.031Z,"24km SW of Alva, Oklahoma",earthquake,,0.3,0.21,8,reviewed,ok,ok
2020-04-29T06:40:28.996Z,61.3895,-150.0946,42.5,1.3,ml,,,,0.61,ak,ak0205ikavrm,2020-04-29T06:45:11.591Z,"16km SSW of Big Lake, Alaska",earthquake,,0.8,,,automatic,ak,ak
2020-04-29T06:35:37.804Z,62.8013,-148.8362,10.1,1.2,ml,,,,0.82,ak,ak0205ik9tum,2020-04-29T06:39:19.459Z,"66km S of Cantwell, Alaska",earthquake,,0.2,,,automatic,ak,ak
2020-04-29T06:33:04.950Z,37.4595,-118.7336667,2.02,0.67,md,13,130,0.1508,0.06,nc,nc73377965,2020-04-29T19:08:03.520Z,"12km SSW of Toms Place, CA",earthquake,0.61,2.57,0.096,12,reviewed,nc,nc
2020-04-29T06:32:29.800Z,40.7325,-112.032,9.29,0.68,md,15,104,0.00628,0.09,uu,uu60382647,2020-04-29T13:23:17.840Z,"5km NNW of West Valley City, Utah",earthquake,0.33,0.58,0.179,8,reviewed,uu,uu
2020-04-29T06:30:53.600Z,39.4088333,-110.3043333,-1.6,1.97,md,10,199,0.02216,0.12,uu,uu60382652,2020-04-29T14:18:55.100Z,"18km SSE of East Carbon City, Utah",earthquake,0.74,0.49,0.266,7,reviewed,uu,uu
2020-04-29T06:25:59.980Z,38.8318329,-122.8174973,1.67,1.09,md,26,48,0.01023,0.02,nc,nc73377955,2020-04-29T06:46:03.699Z,"8km NW of The Geysers, CA",earthquake,0.18,0.34,0.12,5,automatic,nc,nc
2020-04-29T06:25:01.610Z,56.1765,-159.4521667,22.77,0.57,ml,6,123,0.0496,0.25,av,av70890479,2020-04-30T17:20:47.130Z,"43km WSW of Chignik Lake, Alaska",earthquake,1.04,1.53,0.097,4,reviewed,av,av
2020-04-29T06:23:19.493Z,38.3615,-115.2411,9.9,1.7,ml,12,217.43,0.271,0.1784,nn,nn00723936,2020-04-30T02:08:43.991Z,"46km SSE of Currant, Nevada",earthquake,,2.7,0.32,7,reviewed,nn,nn
2020-04-29T06:20:44.880Z,38.8144989,-122.8141632,2.72,0.79,md,22,49,0.00944,0.02,nc,nc73377950,2020-04-29T06:36:03.558Z,"6km NW of The Geysers, CA",earthquake,0.26,0.51,0.09,3,automatic,nc,nc
2020-04-29T06:11:45.580Z,35.2798333,-118.5868333,5.17,0.97,ml,18,83,0.09658,0.13,ci,ci39409512,2020-04-30T13:58:37.056Z,"21km NW of Tehachapi, CA",earthquake,0.25,0.59,0.226,10,reviewed,ci,ci
2020-04-29T06:11:25.980Z,36.1113333,-117.9268333,3.66,1.17,ml,11,199,0.05861,0.19,ci,ci39409504,2020-04-29T13:12:07.667Z,"8km NNE of Coso Junction, CA",earthquake,0.68,0.88,0.213,16,reviewed,ci,ci
2020-04-29T05:59:17.380Z,39.4053333,-110.2926667,-3.37,1.62,md,7,203,0.03134,0.13,uu,uu60382642,2020-04-29T14:14:46.390Z,"18km SSE of East Carbon City, Utah",earthquake,1.03,2.76,0.253,6,reviewed,uu,uu
2020-04-29T05:53:26.450Z,54.128,-165.9386667,2.36,-0.73,ml,7,118,0.01556,0.21,av,av70890459,2020-04-30T16:48:30.290Z,"10km W of Akutan, Alaska",earthquake,0.3,0.61,0.211,6,reviewed,av,av
2020-04-29T05:50:17.680Z,35.9823341,-120.5408325,1.73,0.18,md,10,108,0.0266,0.06,nc,nc73377940,2020-04-29T06:07:05.492Z,"14km NW of Parkfield, CA",earthquake,0.31,1.14,0.11,2,automatic,nc,nc
2020-04-29T05:42:43.257Z,66.2606,-146.8332,0.1,1.3,ml,,,,0.96,ak,ak0205ijpwp0,2020-04-29T05:54:00.863Z,"77km WSW of Fort Yukon, Alaska",earthquake,,0.3,,,automatic,ak,ak
2020-04-29T05:41:37.910Z,17.9043,-66.863,12,2.27,md,17,206,0.0726,0.2,pr,pr2020120012,2020-04-29T06:10:57.300Z,"8km SSE of Guanica, Puerto Rico",earthquake,0.83,0.66,0.35,11,reviewed,pr,pr
2020-04-29T05:39:14.870Z,56.2545,-159.3686667,27,0.42,ml,4,300,0.057,0.21,av,av70890469,2020-04-30T17:21:17.970Z,"37km W of Chignik Lake, Alaska",earthquake,5.54,1.3,0.068,3,reviewed,av,av
2020-04-29T05:37:16.440Z,-24.3224,-67.1177,154.22,5.4,mww,,39,1.675,1.44,us,us60009ehh,2020-04-30T05:39:04.461Z,"81km W of San Antonio de los Cobres, Argentina",earthquake,7.3,5.7,0.057,30,reviewed,us,us
2020-04-29T05:36:37.450Z,56.167,-159.5441667,34.46,0.89,ml,9,143,0.01968,0.31,av,av70890474,2020-04-30T17:07:10.190Z,"49km W of Chignik Lake, Alaska",earthquake,1.44,2.45,0.333,8,reviewed,av,av
2020-04-29T05:30:25.898Z,55.9604,-153.3027,5,2.6,ml,,,,0.48,ak,ak0205ijnagv,2020-04-29T16:21:02.347Z,"145km E of Chirikof Island, Alaska",earthquake,,0,,,reviewed,ak,ak
2020-04-29T05:21:48.770Z,34.0178333,-117.5275,2.52,1.12,ml,30,52,0.03127,0.15,ci,ci39409480,2020-04-29T13:12:59.110Z,"3km NNW of Mira Loma, CA",earthquake,0.19,0.3,0.189,29,reviewed,ci,ci
2020-04-29T05:19:29.160Z,44.7336667,-110.8021667,2.27,0.02,md,6,133,0.0646,0.14,uu,uu60021849,2020-04-29T14:13:41.820Z,"25km ENE of West Yellowstone, Montana",earthquake,0.37,9.27,0.181,5,reviewed,uu,uu
2020-04-29T05:18:54.340Z,44.7336667,-110.8041667,2.02,0.18,md,7,132,0.06385,0.13,uu,uu60021844,2020-04-29T14:11:35.980Z,"25km ENE of West Yellowstone, Montana",earthquake,0.4,10.39,0.151,5,reviewed,uu,uu
2020-04-29T05:18:10.850Z,44.7381667,-110.8045,5.01,0.92,ml,9,132,0.05992,0.17,uu,uu60382637,2020-04-29T14:08:57.790Z,"25km ENE of West Yellowstone, Montana",earthquake,1.21,2.69,0.396,2,reviewed,uu,uu
2020-04-29T05:13:28.840Z,17.9415,-66.9681,9,1.95,md,20,210,0.0811,0.08,pr,pr2020120011,2020-04-29T05:46:44.789Z,"7km WSW of Guanica, Puerto Rico",earthquake,0.37,0.5,0.16,5,reviewed,pr,pr
2020-04-29T05:11:01.960Z,52.0485,-176.0883333,7.62,-0.26,ml,5,110,0.01963,0.19,av,av70890464,2020-04-30T16:50:31.800Z,"43km ENE of Adak, Alaska",earthquake,0.65,1.16,0.141,5,reviewed,av,av
2020-04-29T05:03:44.240Z,17.9245,-66.8498,15,2.44,md,16,210,0.1995,0.18,pr,pr2020120010,2020-04-29T05:18:32.204Z,"7km SE of Maria Antonia, Puerto Rico",earthquake,0.69,0.79,0.23,14,reviewed,pr,pr
2020-04-29T04:57:46.838Z,36.8289,-118.1349,12.2,1.8,ml,5,154.5,0.238,0.131,nn,nn00723991,2020-04-30T02:09:38.044Z,"25km NNW of Lone Pine, California",earthquake,,4.9,0.57,2,reviewed,nn,nn
2020-04-29T04:50:42.835Z,59.2209,-153.5882,97.7,1.4,ml,,,,0.38,ak,ak0205ij66sb,2020-04-29T05:00:49.892Z,"95km SE of Old Iliamna, Alaska",earthquake,,0.5,,,automatic,ak,ak
2020-04-29T04:49:55.440Z,33.67,-116.7378333,15.14,0.79,ml,30,49,0.04556,0.15,ci,ci39409416,2020-04-29T13:13:01.960Z,"8km SSW of Idyllwild, CA",earthquake,0.27,0.47,0.118,24,reviewed,ci,ci
2020-04-29T04:48:56.030Z,40.739,-111.9656667,3.01,0.7,md,12,78,0.01285,0.15,uu,uu60382632,2020-04-29T13:50:08.140Z,"6km WSW of Salt Lake City, Utah",earthquake,0.44,0.71,0.37,6,reviewed,uu,uu
2020-04-29T04:36:30.642Z,60.2519,-152.1306,19.5,1,ml,,,,0.26,ak,ak0205ij35tj,2020-04-29T04:47:56.434Z,"42km SE of Redoubt Volcano, Alaska",earthquake,,0.2,,,automatic,ak,ak
2020-04-29T04:34:51.660Z,38.8349991,-122.8166656,1.12,0.56,md,9,76,0.01268,0.01,nc,nc73377925,2020-04-29T04:44:01.544Z,"8km W of Cobb, CA",earthquake,0.45,1.48,,1,automatic,nc,nc
2020-04-29T04:34:11.609Z,61.2884,-140.9281,0,1.6,ml,,,,0.51,ak,ak0205ij2owo,2020-04-29T04:43:45.131Z,"159km NNE of Cape Yakataga, Alaska",earthquake,,0.3,,,automatic,ak,ak
2020-04-29T04:29:32.600Z,39.41,-110.3063333,-1.3,2,md,7,198,0.02024,0.05,uu,uu60382627,2020-04-29T14:05:16.280Z,"17km SSE of East Carbon City, Utah",earthquake,0.89,0.56,0.265,7,reviewed,uu,uu
2020-04-29T04:26:38.520Z,58.2665,-154.8011667,9.4,-0.42,ml,7,242,0.1168,0.18,av,av70890454,2020-04-30T16:40:56.610Z,"94km NNW of Larsen Bay, Alaska",earthquake,1.04,0.85,0.266,7,reviewed,av,av
2020-04-29T04:24:27.990Z,45.0323333333333,-122.591166666667,12.74,1.14,ml,9,116,0.06431,0.21,uw,uw61605912,2020-04-30T00:01:26.220Z,"12km S of Molalla, Oregon",earthquake,0.95,1.22,0.0537159046235099,3,reviewed,uw,uw
2020-04-29T04:20:19.680Z,17.9391,-66.8491,11,2.68,md,22,193,0.0469,0.28,pr,pr2020120009,2020-04-29T04:42:18.430Z,"6km SSW of Indios, Puerto Rico",earthquake,0.76,0.57,0.29,16,reviewed,pr,pr
2020-04-29T04:11:39.850Z,17.9506,-66.8253,9,2.19,md,21,197,0.0592,0.11,pr,pr2020120008,2020-04-29T04:39:53.827Z,"4km S of Indios, Puerto Rico",earthquake,0.34,0.37,0.15,5,reviewed,pr,pr
2020-04-29T04:10:57.225Z,63.3121,-145.0929,8.7,1.2,ml,,,,0.37,ak,ak0205iixn97,2020-04-29T04:16:17.016Z,"62km S of Deltana, Alaska",earthquake,,0.3,,,automatic,ak,ak
2020-04-29T04:08:30.291Z,10.6837,125.1679,10,4.6,mb,,77,3.613,0.86,us,us60009eh7,2020-04-29T20:51:41.738Z,"11km N of Hingatungan, Philippines",earthquake,10.4,1.9,0.074,55,reviewed,us,us
2020-04-29T04:05:29.048Z,61.3239,-146.8181,13.4,2.3,ml,,,,0.77,ak,ak0205iiwiiu,2020-04-29T04:17:58.017Z,"33km NW of Valdez, Alaska",earthquake,,0.3,,,automatic,ak,ak
2020-04-29T04:00:20.153Z,37.1417,-117.1469,8.3,1.2,ml,31,113.12,0.183,0.2226,nn,nn00723934,2020-04-30T02:08:38.501Z,"43km NW of Beatty, Nevada",earthquake,,3.5,0.4,15,reviewed,nn,nn
2020-04-29T03:59:48.299Z,58.4586,-136.9512,0,2.6,ml,,,,1.42,ak,ak0205iimp1p,2020-04-29T04:13:36.040Z,"67km W of Gustavus, Alaska",earthquake,,0.5,,,automatic,ak,ak
2020-04-29T03:53:03.810Z,39.4068333,-110.2925,-3.11,2.02,md,8,185,0.03058,0.07,uu,uu60382622,2020-04-29T14:03:10.500Z,"18km SE of East Carbon City, Utah",earthquake,0.97,1.84,0.318,6,reviewed,uu,uu
2020-04-29T03:48:58.350Z,35.8885,-117.687,5.77,0.82,ml,23,79,0.06631,0.09,ci,ci39409384,2020-04-30T13:52:32.939Z,"20km ESE of Little Lake, CA",earthquake,0.14,0.48,0.149,13,reviewed,ci,ci
2020-04-29T03:48:55.060Z,40.4966667,-124.4111667,25.73,2.25,md,24,218,0.06002,0.17,nc,nc73377915,2020-05-02T13:02:02.104Z,"15km SW of Ferndale, CA",earthquake,0.59,0.79,0.3,19,reviewed,nc,nc
2020-04-29T03:43:41.520Z,40.711,-112.072,9.97,1.55,ml,28,35,0.02632,0.15,uu,uu60382617,2020-04-29T13:41:50.580Z,"2km E of Magna, Utah",earthquake,0.32,0.65,0.258,3,reviewed,uu,uu
2020-04-29T03:41:34.311Z,37.1386,-117.1574,8,0.9,ml,21,110.2,0.182,0.1942,nn,nn00723933,2020-04-30T02:08:34.252Z,"43km NW of Beatty, Nevada",earthquake,,4.5,0.37,7,reviewed,nn,nn
2020-04-29T03:30:38.800Z,52.0638333,-176.1211667,-0.57,-0.73,ml,4,170,0.01823,0.04,av,av70890449,2020-04-30T16:28:20.610Z,"42km ENE of Adak, Alaska",earthquake,0.34,0.25,0.111,4,reviewed,av,av
2020-04-29T03:30:11.938Z,66.7495,-147.5201,9.8,1.4,ml,,,,0.79,ak,ak0205iigegz,2020-04-29T03:41:07.485Z,"101km WNW of Fort Yukon, Alaska",earthquake,,0.2,,,automatic,ak,ak
2020-04-29T03:24:03.960Z,39.4108333,-110.3096667,-1.15,1.8,md,6,198,0.01785,0.02,uu,uu60021839,2020-04-29T14:01:35.480Z,"17km SSE of East Carbon City, Utah",earthquake,1.4,0.62,0.128,6,reviewed,uu,uu
2020-04-29T03:23:45.300Z,40.7271667,-112.0686667,8.78,0.29,md,11,85,0.02492,0.11,uu,uu60382612,2020-04-29T14:00:31.260Z,"3km NE of Magna, Utah",earthquake,0.46,0.87,0.136,4,reviewed,uu,uu
2020-04-29T03:21:38.550Z,61.2981,-140.9388,1.8,1.9,ml,,,,0.57,ak,ak0205iiej27,2020-04-29T03:27:24.371Z,"159km NNE of Cape Yakataga, Alaska",earthquake,,0.2,,,automatic,ak,ak
2020-04-29T03:10:23.025Z,61.2971,-140.8963,8.9,1.3,ml,,,,0.65,ak,ak0205iic50k,2020-04-29T03:18:21.222Z,"160km NNE of Cape Yakataga, Alaska",earthquake,,0.3,,,automatic,ak,ak
2020-04-29T03:09:37.850Z,35.7115,-117.5021667,6.24,0.89,ml,25,83,0.1289,0.13,ci,ci39409352,2020-04-29T16:57:49.480Z,"11km SW of Searles Valley, CA",earthquake,0.19,0.76,0.24,13,reviewed,ci,ci
2020-04-29T03:08:49.690Z,44.2826667,-115.0016667,2.63,2.52,ml,9,80,0.356,0.2,mb,mb80414394,2020-04-29T14:26:59.700Z,"66km WSW of Challis, Idaho",earthquake,0.52,2.62,0.233,11,reviewed,mb,mb
2020-04-29T03:04:55.030Z,34.163,-117.2473333,2.64,1.27,ml,64,49,0.04492,0.17,ci,ci39409344,2020-04-29T16:44:33.700Z,"5km NW of Highland, CA",earthquake,0.14,0.19,0.121,25,reviewed,ci,ci
2020-04-29T02:48:24.089Z,-18.2346,-178.1106,574.02,4.4,mb,,83,3.683,0.8,us,us60009eg2,2020-05-03T23:09:55.040Z,"274km NNE of Ndoi Island, Fiji",earthquake,6,6.9,0.046,134,reviewed,us,us
2020-04-29T02:47:27.810Z,37.4296667,-121.7663333,10.15,1.11,md,37,41,0.03406,0.07,nc,nc73377905,2020-04-29T05:57:04.125Z,"9km NE of Alum Rock, CA",earthquake,0.17,0.34,0.269,29,reviewed,nc,nc
2020-04-29T02:25:58.910Z,35.6513333,-117.5496667,8.13,0.73,ml,10,137,0.09625,0.14,ci,ci39409336,2020-04-29T13:13:27.676Z,"12km ENE of Ridgecrest, CA",earthquake,0.51,1.5,0.089,9,reviewed,ci,ci
2020-04-29T02:20:08.240Z,37.6205,-118.8483333,5.77,0.54,md,13,109,0.01171,0.08,nc,nc73377895,2020-04-29T04:13:07.753Z,"12km E of Mammoth Lakes, CA",earthquake,0.69,0.99,0.164,12,reviewed,nc,nc
2020-04-29T02:19:12.047Z,61.3857,-150.0152,34.1,1.1,ml,,,,0.75,ak,ak0205ihsm04,2020-04-29T02:22:29.120Z,"15km SSW of Big Lake, Alaska",earthquake,,0.3,,,automatic,ak,ak
2020-04-29T02:18:15.190Z,33.4753333,-116.4658333,14.87,0.84,ml,24,67,0.09839,0.14,ci,ci39409320,2020-04-29T13:13:42.679Z,"21km ESE of Anza, CA",earthquake,0.22,0.49,0.172,23,reviewed,ci,ci
2020-04-29T02:15:56.060Z,18.0021,-66.8826,11,3.18,md,23,87,0.0272,0.2,pr,pr2020120005,2020-05-03T22:45:50.040Z,"1km NW of Yauco, Puerto Rico",earthquake,0.4,0.68,0.3,20,reviewed,pr,pr
2020-04-29T02:11:10.300Z,34.1636667,-117.249,2.99,1.05,ml,48,49,0.04409,0.16,ci,ci39409312,2020-04-29T15:57:53.484Z,"5km NW of Highland, CA",earthquake,0.15,0.17,0.156,23,reviewed,ci,ci
2020-04-29T02:09:45.730Z,17.9705,-66.8006,11,2.68,md,23,180,0.0787,0.31,pr,pr2020120006,2020-04-29T03:00:03.383Z,"3km SE of Indios, Puerto Rico",earthquake,0.52,0.48,0.24,19,reviewed,pr,pr
2020-04-29T02:09:33.080Z,54.1361667,-165.988,3.55,-0.99,ml,7,94,0.01751,0.31,av,av70890444,2020-04-30T16:24:18.240Z,"14km W of Akutan, Alaska",earthquake,0.56,1.06,0.378,6,reviewed,av,av
2020-04-29T02:09:14.760Z,44.3828333,-115.178,4.03,2.5,ml,7,73,0.328,0.19,mb,mb80414379,2020-04-29T15:50:22.990Z,"70km ESE of Cascade, Idaho",earthquake,0.69,1.63,0.363,4,reviewed,mb,mb
2020-04-29T02:07:31.710Z,44.2878333,-114.9648333,4.07,2.23,ml,8,82,0.382,0.19,mb,mb80414374,2020-04-29T15:46:42.410Z,"63km WSW of Challis, Idaho",earthquake,0.58,1.74,0.399,4,reviewed,mb,mb
2020-04-29T02:06:01.510Z,18.022,-66.8256,11,2.35,md,15,122,0.0712,0.28,pr,pr2020120004,2020-04-29T02:41:39.639Z,"2km ESE of Yauco, Puerto Rico",earthquake,0.49,1,0.31,11,reviewed,pr,pr
2020-04-29T02:05:46.637Z,36.1762,70.0081,116.17,4.2,mb,,74,1.812,0.76,us,us60009efn,2020-05-03T22:48:48.040Z,"46km SSE of Farkhar, Afghanistan",earthquake,6.2,9.7,0.121,19,reviewed,us,us
2020-04-29T02:03:06.940Z,54.1386667,-165.959,2.55,-0.91,ml,7,159,0.01381,0.21,av,av70890439,2020-04-30T16:20:46.060Z,"12km W of Akutan, Alaska",earthquake,0.51,0.52,0.328,6,reviewed,av,av
2020-04-29T02:02:00.420Z,33.6993333,-116.6941667,16.6,0.54,ml,16,98,0.02043,0.08,ci,ci39409296,2020-04-29T13:13:56.680Z,"5km SSE of Idyllwild, CA",earthquake,0.26,0.35,0.207,12,reviewed,ci,ci
2020-04-29T01:53:38.641Z,60.1569,-153.2585,32.4,0.7,ml,,,,0.41,ak,ak0205iheiso,2020-04-29T01:57:14.131Z,"46km SW of Redoubt Volcano, Alaska",earthquake,,0.9,,,automatic,ak,ak
2020-04-29T01:47:20.590Z,44.285,-115.0693333,6.44,2.03,ml,9,76,0.316,0.22,mb,mb80414364,2020-04-29T15:42:31.570Z,"71km WSW of Challis, Idaho",earthquake,0.55,1.42,0.19,7,reviewed,mb,mb
2020-04-29T01:42:43.470Z,17.957,-66.8423,12,2.68,md,21,192,0.0411,0.2,pr,pr2020120003,2020-04-29T02:02:39.370Z,"4km SSW of Indios, Puerto Rico",earthquake,0.72,0.41,0.35,18,reviewed,pr,pr
2020-04-29T01:38:09.140Z,58.2006667,-155.337,1.51,-0.49,ml,5,207,0.01048,0.06,av,av70890429,2020-04-30T16:10:41.170Z,"94km SE of King Salmon, Alaska",earthquake,0.75,0.44,0.353,5,reviewed,av,av
2020-04-29T01:33:51.840Z,35.9091667,-117.6855,3.66,0.25,ml,18,74,0.04803,0.12,ci,ci39409272,2020-04-30T19:09:35.898Z,"20km E of Little Lake, CA",earthquake,0.16,0.45,0.09,5,reviewed,ci,ci
2020-04-29T01:31:36.460Z,40.7321667,-112.0715,8.53,0.65,md,11,106,0.0219,0.11,uu,uu60382607,2020-04-29T13:57:24.110Z,"3km NE of Magna, Utah",earthquake,0.5,0.7,0.147,4,reviewed,uu,uu
2020-04-29T01:28:22.907Z,61.2905,-141.0377,0,2,ml,,,,0.7,ak,ak0205ih94nk,2020-04-29T01:34:59.618Z,"156km NNE of Cape Yakataga, Alaska",earthquake,,0.5,,,automatic,ak,ak
2020-04-29T01:28:14.859Z,60.0724,-141.1479,16.8,1.9,ml,,,,0.52,ak,ak0205ih93y6,2020-04-29T16:08:48.888Z,"71km E of Cape Yakataga, Alaska",earthquake,,0.6,,,reviewed,ak,ak
2020-04-29T01:25:32.270Z,44.283,-115.1086667,8.78,2.1,ml,9,68,0.291,0.23,mb,mb80414344,2020-04-29T15:36:14.130Z,"74km WSW of Challis, Idaho",earthquake,0.58,1.4,0.281,5,reviewed,mb,mb
2020-04-29T01:19:26.590Z,44.5286667,-115.258,10.28,2.19,ml,10,83,0.435,0.17,mb,mb80414339,2020-04-29T15:32:41.630Z,"62km E of Cascade, Idaho",earthquake,0.57,0.8,0.195,8,reviewed,mb,mb
2020-04-29T01:16:31.486Z,37.1572,-116.2299,9.6,-0.2,ml,16,171.12,0.052,0.1868,nn,nn00723930,2020-04-30T02:08:31.445Z,"54km ENE of Beatty, Nevada",earthquake,,1.3,0.32,6,reviewed,nn,nn
2020-04-29T01:15:08.017Z,37.1386,-116.2255,9.9,0.3,ml,35,154.27,0.036,0.1817,nn,nn00723929,2020-04-29T15:56:14.512Z,"53km ENE of Beatty, Nevada",earthquake,,0.9,0.32,14,reviewed,nn,nn
2020-04-29T01:13:08.350Z,33.4986667,-116.5131667,9.64,0.82,ml,40,56,0.06054,0.13,ci,ci39409248,2020-04-30T18:03:29.550Z,"16km ESE of Anza, CA",earthquake,0.13,0.27,0.182,24,reviewed,ci,ci
2020-04-29T01:12:43.270Z,44.28,-115.096,6.73,2.37,ml,10,67,0.297,0.26,mb,mb80414334,2020-04-29T15:26:00.140Z,"73km WSW of Challis, Idaho",earthquake,1.15,2.62,0.257,10,reviewed,mb,mb
2020-04-29T01:12:15.460Z,35.7913333,-117.599,8.12,0.5,ml,19,126,0.02438,0.15,ci,ci39409240,2020-04-30T17:38:15.544Z,"18km W of Searles Valley, CA",earthquake,0.27,0.5,0.151,6,reviewed,ci,ci
2020-04-29T01:12:09.680Z,35.8605,-117.6753333,2.75,-0.17,ml,12,87,0.07742,0.15,ci,ci37268292,2020-04-30T17:38:03.483Z,"22km ESE of Little Lake, CA",earthquake,0.24,0.38,0.056,3,reviewed,ci,ci
2020-04-29T01:11:52.940Z,35.8191667,-117.6238333,11.55,0.02,ml,13,75,0.02167,0.13,ci,ci37268284,2020-04-30T17:34:02.459Z,"21km WNW of Searles Valley, CA",earthquake,0.32,0.53,0.244,7,reviewed,ci,ci
2020-04-29T01:11:11.860Z,44.281,-115.0795,6.65,2.48,ml,12,68,0.307,0.21,mb,mb80414329,2020-04-29T15:19:14.150Z,"71km WSW of Challis, Idaho",earthquake,0.48,1.27,0.266,13,reviewed,mb,mb
2020-04-29T01:10:30.320Z,37.5973333,-119.0145,1.04,0.29,md,11,192,0.01634,0.04,nc,nc73377885,2020-04-29T04:05:03.185Z,"5km SW of Mammoth Lakes, CA",earthquake,0.58,0.42,0.391,10,reviewed,nc,nc
2020-04-29T01:09:24.343Z,61.1402,-146.3715,23.3,1.1,ml,,,,0.83,ak,ak0205ih525s,2020-04-29T16:08:47.991Z,"1km NW of Valdez, Alaska",earthquake,,0.2,,,reviewed,ak,ak
2020-04-29T01:05:19.930Z,38.0483333,-118.7371667,9.3,1.52,md,22,111,0.2731,0.07,nc,nc73377875,2020-04-29T04:48:03.129Z,"30km SE of Bodie, CA",earthquake,0.37,2.97,0.186,21,reviewed,nc,nc
2020-04-29T01:03:02.920Z,44.2806667,-115.0903333,8.76,2.5,ml,11,75,0.301,0.21,mb,mb80414319,2020-04-29T15:11:28.600Z,"72km WSW of Challis, Idaho",earthquake,0.39,0.9,0.26,9,reviewed,mb,mb
2020-04-29T00:59:41.315Z,44.2589,-115.0877,10,3,ml,,68,0.29,1.23,us,us60009eqz,2020-04-29T23:44:51.056Z,"73km WSW of Challis, Idaho",earthquake,1.6,2,0.056,42,reviewed,us,us
2020-04-29T00:58:02.113Z,44.2553,-115.1054,10,2.9,ml,,68,0.278,0.81,us,us60009eel,2020-05-03T23:51:53.040Z,"74km WSW of Challis, Idaho",earthquake,2.1,2,0.045,66,reviewed,us,us
2020-04-29T00:52:28.080Z,58.2966667,-154.9896667,1.94,-0.96,ml,4,222,0.03883,0.07,av,av70890414,2020-04-30T15:56:35.680Z,"103km NW of Larsen Bay, Alaska",earthquake,1.95,0.72,0.276,4,reviewed,av,av
2020-04-29T00:52:22.140Z,40.7535,-112.081,9.77,0.63,md,17,81,0.002115,0.1,uu,uu60382597,2020-04-29T13:35:38.830Z,"5km NNE of Magna, Utah",earthquake,0.31,0.52,0.353,8,reviewed,uu,uu
2020-04-29T00:47:32.880Z,64.3729,-149.8231,20,1.1,ml,,,,0.48,ak,ak0205igrsb3,2020-04-29T00:51:49.227Z,"41km WSW of North Nenana, Alaska",earthquake,,1.1,,,automatic,ak,ak
2020-04-29T00:46:32.756Z,60.4689,-151.9175,74.4,1.3,ml,,,,0.55,ak,ak0205igrkpj,2020-04-29T00:53:29.917Z,"35km W of Kalifornsky, Alaska",earthquake,,0.5,,,automatic,ak,ak
2020-04-29T00:42:45.620Z,44.345,-115.1878333,8.57,2.13,ml,8,72,0.293,0.25,mb,mb80414289,2020-04-29T14:18:44.060Z,"70km ESE of Cascade, Idaho",earthquake,0.67,1.55,0.359,4,reviewed,mb,mb
2020-04-29T00:42:44.650Z,37.059,-112.8773333,12.34,1.85,ml,8,128,0.06125,0.1,uu,uu60382592,2020-04-29T13:51:43.000Z,"10km NE of Hildale, Utah",earthquake,0.89,1.76,0.121,5,reviewed,uu,uu
2020-04-29T00:42:17.920Z,33.488,-116.7981667,6.45,1.15,ml,43,32,0.02437,0.16,ci,ci39409216,2020-04-29T13:15:09.220Z,"8km NE of Aguanga, CA",earthquake,0.16,0.48,0.147,27,reviewed,ci,ci
2020-04-29T00:41:46.950Z,19.0453,-68.9946,37,3.4,md,18,314,1.6533,0.32,pr,pr2020120007,2020-04-29T08:44:22.341Z,"39km E of Miches, Dominican Republic",earthquake,3.23,5.58,0.03,7,reviewed,pr,pr
2020-04-29T00:38:20.770Z,36.0351667,-117.5161667,5.33,1.1,ml,23,64,0.03167,0.11,ci,ci39409208,2020-04-30T17:22:57.266Z,"31km NNW of Searles Valley, CA",earthquake,0.18,0.35,0.177,10,reviewed,ci,ci
2020-04-29T00:36:28.430Z,17.9661,-66.9591,9,2.64,md,19,186,0.0852,0.14,pr,pr2020120002,2020-04-29T00:51:25.875Z,"5km W of Guanica, Puerto Rico",earthquake,0.42,0.72,0.4,6,reviewed,pr,pr
2020-04-29T00:26:14.380Z,35.9066667,-117.6841667,3.64,0.47,ml,17,76,0.04945,0.09,ci,ci39409192,2020-04-30T17:14:50.261Z,"20km E of Little Lake, CA",earthquake,0.13,0.38,0.123,6,reviewed,ci,ci
2020-04-29T00:25:37.950Z,33.5061667,-116.7746667,7.85,0.42,ml,24,36,0.06681,0.16,ci,ci39409184,2020-04-30T17:07:02.210Z,"11km WSW of Anza, CA",earthquake,0.22,0.72,0.132,11,reviewed,ci,ci
2020-04-29T00:25:04.260Z,33.711,-116.7551667,15.9,0.79,ml,41,40,0.03418,0.11,ci,ci39409176,2020-04-30T17:01:30.186Z,"5km SW of Idyllwild, CA",earthquake,0.13,0.24,0.128,27,reviewed,ci,ci
2020-04-29T00:21:29.270Z,58.5295,-154.446,8.03,-0.77,ml,4,299,0.06486,0.1,av,av70890409,2020-04-30T15:52:31.990Z,"113km NNW of Larsen Bay, Alaska",earthquake,1.31,1,0.136,3,reviewed,av,av
2020-04-29T00:19:23.030Z,38.7910004,-122.7058334,1.52,0.74,md,10,130,0.02336,0.04,nc,nc73377865,2020-04-29T00:45:05.637Z,"2km NW of Anderson Springs, CA",earthquake,0.36,1.05,0.29,3,automatic,nc,nc
2020-04-29T00:16:54.860Z,35.7085,-117.5036667,4.08,1.54,ml,26,71,0.1263,0.15,ci,ci39409168,2020-04-29T13:16:12.950Z,"11km SW of Searles Valley, CA",earthquake,0.24,0.72,0.188,26,reviewed,ci,ci
2020-04-29T00:16:03.660Z,44.2859,-115.0701,11.19,3.2,ml,,66,0.315,0.56,us,us60009ee1,2020-05-03T23:42:34.040Z,"71km WSW of Challis, Idaho",earthquake,1.3,9.8,0.034,114,reviewed,us,us
2020-04-29T00:13:23.140Z,38.0658333,-118.717,4.83,1.91,md,27,186,0.2495,0.05,nc,nc73377860,2020-04-30T07:17:03.978Z,"30km ESE of Bodie, CA",earthquake,0.8,7.77,0.25,26,reviewed,nc,nc
2020-04-29T00:11:57.380Z,18.0346,-66.7973,16,2.12,ml,13,126,0.1912,0.16,pr,pr2020120001,2020-04-29T00:31:59.138Z,"1km NNW of Guayanilla, Puerto Rico",earthquake,0.39,0.76,0,0,reviewed,pr,pr
2020-04-29T00:04:22.710Z,39.2568333,-123.2166667,6.8,1.13,md,12,95,0.05013,0.04,nc,nc73377855,2020-04-29T07:52:03.184Z,"1km SW of Redwood Valley, CA",earthquake,0.2,0.52,0.12,8,reviewed,nc,nc
2020-04-29T00:02:36.810Z,38.840168,-122.8231659,1.82,0.89,md,15,87,0.009751,0.02,nc,nc73377850,2020-04-29T00:10:04.054Z,"9km WNW of Cobb, CA",earthquake,0.29,0.51,,1,automatic,nc,nc
2020-04-29T00:01:53.520Z,52.043,-176.0696667,8.01,-0.13,ml,5,119,0.007078,0.19,av,av70890419,2020-04-30T16:00:36.370Z,"44km ENE of Adak, Alaska",earthquake,0.73,1.21,0.266,5,reviewed,av,av
2020-04-29T00:01:24.220Z,17.995,-66.8795,11,3.05,md,23,85,0.0199,0.21,pr,pr2020120000,2020-04-29T00:39:10.040Z,"3km SW of Indios, Puerto Rico",earthquake,0.39,0.58,0.35,20,reviewed,pr,pr